IOIndustryKey,ThaiIOIndustryName,EnglishIOIndustryName,ThaiIOIndustryDesc,EnglishIOIndustryDesc,IOIndustryGroup58Key,EnglishIOIndustryGroup58Name,IOIndustryGroup26Key,EnglishIOIndustryGroup26Name,IOIndustryGroup16Key,EnglishIOIndustryGroup16Name
001,การทำนา,Paddy,สาขานี้ประกอบด้วยการทำนาทั้งข้าวเหนียวและข้าวเจ้า รวมทั้งผลพลอยได้ซึ่ง ได้แก่ ฟางข้าว,This sector covers the combined production of both glutinous and non-glutinous paddy. Their by-products are straws.,001,Paddy,001,Crops,001,Agriculture
002,การทำไร่ข้าวโพด,Maize,สาขานี้ประกอบด้วยการทำไร่ข้าวโพด เช่น ข้าวโพดเลี้ยงสัตว์ ข้าวโพดหวาน และผลพลอยได้,"This sector covers the combined production of fresh, dried and young maize, including their by-products.",002,Maize,001,Crops,001,Agriculture
004,การทำไร่มันสำปะหลัง,Cassava,สาขานี้ประกอบด้วยหัวมันสด และผลพลอยได้ซึ่ง ได้แก่ ต้นมัน และใบมันสำปะหลัง,The only products included in this sector are fresh cassava roots.,003,Cassava,001,Crops,001,Agriculture
006,การทำไร่พืชตระกูลถั่ว,Beans and nuts,สาขานี้ประกอบด้วยการเพาะปลูกถั่วเขียว ถั่วเหลือง เมล็ดละหุ่ง งา ถั่วลิสง ถั่วดำ และพืชตระกูลถั่วอื่น ๆ,"This sector covers beans and nuts of all kinds such as mung beans, soy beans, castor seeds, kidney beans, sesame, peanuts, urad beans, and other ground nuts.",004,Beans and Nuts,001,Crops,001,Agriculture
007,การทำไร่ผัก,Vegetable,สาขานี้ประกอบด้วยการเพาะปลูกผักต่าง ๆ เช่น พริก ขิง หัวหอม กระเทียม กะหล่ำปลี ผัก คะน้า มะนาว มะเขือเทศ ข้าวโพดอ่อน และผักอื่น ๆ ที่มิได้จัดประเภทไว้ในสาขาอื่น,"Vegetables such as chilies, gingers, onions, shallots, garlic, cabbages, tomatoes lemons and other vegetables not mentioned elsewhere are included in this sector.",005,Vegetables and Fruits,001,Crops,001,Agriculture
008,การทำสวนผลไม้,Fruits,"สาขานี้ประกอบด้วยการทำสวนผลไม้ เช่น ส้ม องุ่น ทุเรียน เงาะ มะม่วง สับปะรด แตงโม กล้วย มังคุด ส้มโอ ลำไย ลิ้นจี่ เป็นต้น","This sector includes the production of oranges, grapes, durians, rambutans, mangoes, pineapples, watermelons, bananas, mangosteens, pomeloes, longans, jackfruits, lychees and other fruits not mentioned elsewhere.",005,Vegetables and Fruits,001,Crops,001,Agriculture
009,การทำไร่อ้อย,Sugar cane,สาขานี้ประกอบด้วยการเพาะปลูกอ้อย ทั้งอ้อยที่เข้าโรงงานผลิตน้ำตาล และอ้อยรับประทาน,The only product included in this sector is sugar cane which includes both varieties to be consumed by household and industrialized.,006,Sugarcane,001,Crops,001,Agriculture
016,การทำสวนยางพารา,Rubber,สาขานี้ประกอบด้วยการเพาะปลูกยางพารา น้ำยางดิบ และยางแผ่นดิบ,Latex from the rubber tree is the main product of this sector.,007,Rubber (Latex),001,Crops,001,Agriculture
003,ข้าวฟางแลธัญพืชอื่น ๆ,Other cereals,สาขานี้ประกอบด้วยการเพาะปลูกข้าวฟ่าง ข้าวสาลี ข้าวบาร์เลย์ และผลพลอยได้ต่าง ๆ,"This sector covers the combined production of sorghum and barley, including their by-products.",008,Other Crops,001,Crops,001,Agriculture
005,การเพาะปลูกพืชไร่อื่น ๆ,Other root crops,สาขานี้ประกอบด้วยการทำไร่มันฝรั่ง มันเทศ เผือก แห้ว กระจับ และพืชไร่ที่มิได้จัดประเภทไว้ในสาขาอื่น ๆ,"This sector contains potatoes, sweet potatoes, taro roots and root-crops not mentioned elsewhere.",008,Other Crops,001,Crops,001,Agriculture
010,การทำสวนมะพร้าว,Coconut,สาขานี้ประกอบด้วยการเพาะปลูกมะพร้าว รวมทั้งผลพลอยได้ เช่น ใบ และใยมะพร้าว,"Fresh coconut is the main product of this sector. Coconut leaf, coconut fiber, copra and coconut shell are the by-product.",008,Other Crops,001,Crops,001,Agriculture
011,การทำสวนปาล์ม,Oil palm,สาขานี้ประกอบด้วยลูกปาล์มสด และลูกหมาก รวมทั้งผลพลอยได้ เช่น ใย และเปลือก,Production in this sector combines oil palm and palm lily includes by-product.,008,Other Crops,001,Crops,001,Agriculture
012,การทำไร่ปอแก้วและปอกระเจา,Kenaf and jute,สาขานี้ประกอบด้วยการเพาะปลูก ปอแก้ว และปอกระเจา,"This sector covers the production of kenaf, jute and ramie.",008,Other Crops,001,Crops,001,Agriculture
013,การเพาะปลูกพืชเส้นใยอื่น ๆ,Other crops for textile and matting,สาขานี้ประกอบด้วยการปลูกฝ้าย นุ่น ป่าน ป่านรามี ฝ้ายลินิน รวมทั้งผลพลอยได้จากพืชเส้นใยต่าง ๆ,"This sector includes cotton, kapok, flax, ramie, and their by-products.",008,Other Crops,001,Crops,001,Agriculture
014,การทำไร่ยาสูบ,Tobacco,สาขานี้ประกอบด้วยการทำไร่ยาสูบ ได้แก่ พันธุ์เวอร์จิเนีย พันธุ์เบอร์เลย์ พันธุ์เตอร์กีช และพันธุ์พื้นเมือง รวมทั้งเมล็ดยาสูบ,"Fresh tobacco leaves and seeds are the two main agricultural products of this sector. Production is classified into Virginia, Burley, Turkish and Native varieties. Tobacco seeds are also included.",008,Other Crops,001,Crops,001,Agriculture
015,การทำสวนกาแฟ ชา และโกโก้,Coffee and tea,สาขานี้ประกอบด้วยการทำสวนชา กาแฟ และโกโก้,"This sector covers the production of all fresh coffee beans, tea leaves and cocoa.",008,Other Crops,001,Crops,001,Agriculture
017,ผลิตผลทางการเกษตรอื่น ๆ,Other agricultural product,สาขานี้ประกอบด้วยไม้ดอก ไม้ประดับ พืชประเภทเครื่องเทศ พืชสมุนไพร และเมล็ดพันธุ์พืชต่าง ๆ รวมทั้งกิ่งตอน กิ่งพันธุ์,"This sector covers flowers and seed of all kinds, including ornamental plants, herbs, and grafts.",008,Other Crops,001,Crops,001,Agriculture
024,บริการทางการเกษตร,Agricultural services,"สาขานี้ประกอบด้วยบริการทางการเกษตร เช่น บริการไถ่ การนวด การป้องกันและการกำจัดแมลง การชลประทาน บริการทำเกือกม้า บริการด้านสหกรณ์ บริการสีข้าวโพด และบริการอื่น ๆ ที่เกี่ยวกับเกษตร",This sector covers the plough services using both animals and tractors.,008,Other Crops,001,Crops,001,Agriculture
018,การปศุสัตว์,Cattle and buffalo,สาขานี้ประกอบด้วยการเลี้ยงโค กระบือ เพื่อส่งโรงฆ่าสัตว์,"This sector covers the production of cattle and buffalo for slaughter, export and breeding. Also included in this sector is fresh milk for dairying.",009,Livestock,002,Livestock,001,Agriculture
019,การเลี้ยงสุกร,Swine,สาขานี้ประกอบด้วยการเลี้ยงสุกรเพื่อส่งโรงฆ่าสัตว์ เพื่อส่งออก เพื่อทำพันธุ์ และผลพลอยได้ต่าง ๆ,"This sector covers the production of swine for slaughter, export and breeding. The by-products are also included.",009,Livestock,002,Livestock,001,Agriculture
020,การปศุสัตว์อื่น ๆ,Other livestock,สาขานี้ประกอบด้วยการเลี้ยงสัตว์อื่น ๆ ที่ไม่รวมอยู่ในสาขา เช่น แพะ แกะ ม้า ช้าง กระต่าย จระเข้ รวมทั้งผลผลิตจากสัตว์และผลพลอยได้ เช่น น้ำผึ้ง และเขาสัตว์ เป็นต้น,"Goats, sheep, horses, rabbits, crocodiles, elephants and others are covered under this sector.",009,Livestock,002,Livestock,001,Agriculture
021,การเลี้ยงสัตว์ปีก,Poultry,สาขานี้ประกอบด้วยการเลี้ยงสัตว์ปีก ทั้งที่เลี้ยงเพื่อเข้าโรงฆ่า เพื่อการส่งออกและเพื่อทำพันธุ์,"This sector covers the production of chickens, ducks and geese.",009,Livestock,002,Livestock,001,Agriculture
022,ผลผลิตจากสัตว์ปีก,Poultry products,สาขานี้ประกอบด้วยไข่สด ทั้งไข่สดเพื่อการบริโภคและไข่ฟัก รวมทั้งผลพลอยได้อื่น ๆ,"This sector covers eggs, which can be gained by raising fowl.",009,Livestock,002,Livestock,001,Agriculture
023,การเลี้ยงไหม,Silkworm,สาขานี้ประกอบด้วยผลิตภัณฑ์ไข่ไหม รังไหมดิบ และการปลูกหม่อน,This sector includes the products of silkworm and silk cocoons.,009,Livestock,002,Livestock,001,Agriculture
025,การทำไม้ซุง,Logging,"สาขานี้ประกอบด้วยการทำไม้ซุงทุกประเภท เช่น ไม้สัก ไม้ยาง ไม้เต็ง ไม้รัง ไม้ตะเคียน ไม้แดง ไม้ประดู่ ไม้ตะแบก และไม้อื่น ๆ","This sector includes logs of all kinds such as teak, rubberwood, selangan batu, padauk; among others.",010,Forestry,003,Forestry,001,Agriculture
026,การเผาถ่านและการทำฟืน,Charcoal and firewood,สาขานี้ประกอบด้วยการเผาถ่านและการทำฟืน,This sector covers the production of charcoal and firewood.,010,Forestry,003,Forestry,001,Agriculture
027,ผลิตภัณฑ์จากป่าและการล่าสัตว์อื่น ๆ,Other forest products,สาขานี้ประกอบด้วยไม้ไผ่ หน่อไม้ ไม้รวก หวาย และผลิตภัณฑ์จากป่าอื่น ๆ,"Products of this sector are bamboo, bamboo shoot, rattan and other forest products.",010,Forestry,003,Forestry,001,Agriculture
028,การประมงทะเล และการประมงชายฝั่ง,Ocean and coastal fishing,สาขานี้ประกอบด้วยการประมงทะเล การประมงชายฝั่ง และการเพาะเลี้ยงสัตว์น้ำทะเลทุกชนิด,"Covered in this sector are ocean fishing, coastal fishing and coastal fish cultivation.",011,Fishery,004,Fishery,001,Agriculture
029,การประมงน้ำจืด,Inland fishing,สาขานี้ประกอบด้วยการประมงน้ำจืดทั้งการเลี้ยงและการจับสัตว์น้ำทุกชนิด,This sector covers the activities of both inland fish catching and cultivation.,011,Fishery,004,Fishery,001,Agriculture
030,การทำเหมืองถ่านหิน,Coal and lignite,สาขานี้ประกอบด้วยการทำเหมืองถ่านหินและลิกไนต์,This sector includes coal and lignite mining.,012,Crude Oil and Coal,005,Mining and Quarrying,002,Mining and Quarrying
031,การผลิตน้ำมันปิโตรเลียมและก๊าซธรรมชาติ,Petroleum and natural gas,สาขานี้ประกอบด้วยกิจกรรมการขุดเจาะน้ำมันดิบและก๊าซธรรมชาติ การลำเลียงและการดำเนินการงานต่าง ๆ ที่เกี่ยวข้อง,"This sector covers the exploration activities for crude petroleum and natural gas, the drilling, completing and equipping of wells carried out on an own-account basis, and the operation of oil and natural gas wells.",012,Crude Oil and Coal,005,Mining and Quarrying,002,Mining and Quarrying
032,การทำเหมืองแร่เหล็ก,Iron ore,สาขานี้ประกอบด้วยการขุดและแต่งแร่เหล็ก,This sector includes activities primarily involving the extraction and extraction and dressing of iron ore.,013,Metal Ore,005,Mining and Quarrying,002,Mining and Quarrying
033,การทำเหมืองแร่ดีบุก,Tin ore,สาขานี้ประกอบด้วยการขุดและแต่งแร่ดีบุก,The coverage of this sector includes activities involving in extracting and dressing of tin ore.,013,Metal Ore,005,Mining and Quarrying,002,Mining and Quarrying
034,การทำเหมืองแร่ทังสเตน,Tungsten ore,สาขานี้ประกอบด้วยการขุดและแต่งแร่วุลแฟรม และซีไลต์,This sector includes activities involved in extraction and preparation of tungsten ore.,013,Metal Ore,005,Mining and Quarrying,002,Mining and Quarrying
035,การทำเหมืองแร่อื่นที่มิใช่แร่เหล็ก,Other non-ferrous metals,"สาขานี้ประกอบด้วยการขุดและแต่งแร่อื่นที่มิใช่แร่เหล็ก เช่น พลวง โครไมต์ ทองแดง แมงกานีส โคลัมไบต์ ซีโนไทท์ สังกะสี เซอร์คอน และแร่ตะกั่ว ฯลฯ","This sector includes activities involved in extraction and dressing of non-ferrous ore, such as antimony, chromite, columbite, copper, manganese, monazite, tantalite, zenotize, zinc, zircon and lead ore.",013,Metal Ore,005,Mining and Quarrying,002,Mining and Quarrying
036,การทำเหมืองแร่ฟลูออไรท์,Fluorite,สาขานี้ประกอบด้วยการขุดเจาะแร่ฟลูออไรท์,This sector covers the activities of exploring for and extraction of fluorite.,014,Non-Metal Ore,005,Mining and Quarrying,002,Mining and Quarrying
037,การทำเหมืองแร่ที่ใช้เคมีภัณฑ์และปุ๋ย,Chemical fertilizers,สาขานี้ประกอบด้วยการขุดเจาะและการทำเหมืองแร่ที่ใช้ทำเคมีภัณฑ์และปุ๋ย เช่น ฟอสเฟต ไพโรฟิลไลด์ แมกนีเซียมคาร์บอเนตและอื่น ๆ,"Covered in this sector are activities related to the mining or other extraction of mineral used for chemicals and fertilizers such as phosphate, pyrophyllite, and magnesium carbonate, among others.",014,Non-Metal Ore,005,Mining and Quarrying,002,Mining and Quarrying
038,การผลิตเกลือ,Salt,สาขานี้ประกอบด้วยการขุดเจาะเกลือหิน และผลิตภัณฑ์เกลือทะเล,Covered in this sector are activities related to the extraction of rock salt and the production of salt from sea water.,014,Non-Metal Ore,005,Mining and Quarrying,002,Mining and Quarrying
039,การทำเหมืองหินปูน,Limestone,สาขานี้ประกอบด้วยการขุดเจาะหินปูน,This sector primarily covers the activity involved in the extraction of limestone.,014,Non-Metal Ore,005,Mining and Quarrying,002,Mining and Quarrying
040,การทำเหมืองหินและการย่อยหิน,Stone quarrying,สาขานี้ประกอบด้วยกิจการที่เกี่ยวกับหิน ดิน กรวด ทราย ดินเหนียว และหินอ่อน,"This sector covers the activities of stone quarrying, clay extraction, gravel and sand pit operation, clay pit operation, and marble mining.",014,Non-Metal Ore,005,Mining and Quarrying,002,Mining and Quarrying
041,การทำเหมืองแร่และเหมืองหินอื่น ๆ,Other mining and quarrying,"สาขานี้ประกอบด้วยการทำเหมืองแร่และเหมืองหินที่มิได้จัดประเภทไว้ในสาขาอื่น ๆ เช่นแคลไซด์ ไดอาโตไมต์ โดโลไมท์ เฟลด์สปาร์ ยิบซั่ม ดินเหนียวปนปูน ดินขาว ทรายละเอียด และหินมีค่าต่าง ๆ","Excluding stone quarrying, this sector covers activities of mining and other quarrying of products such as asbestos, calcite, diatomite, dolomite, feldspar, gypsum, marl quartz, silica sand and jewelry stone.",014,Non-Metal Ore,005,Mining and Quarrying,002,Mining and Quarrying
042,โรงฆ่าสัตว์,Slaughtering,สาขานี้ประกอบด้วยกิจกรรมเกี่ยวกับโรงฆ่าสัตว์ ได้แก่ เนื้อสุกร เนื้อไก่ เนื้อโค เนื้อกระบือ เนื้อเป็ด รวมทั้งหนังโค หนังกระบือ ขนไก่ ขนเป็ด เขากระบือ และผลพลอยได้อื่น ๆ ของโค กระบือ สุกร ไก่ และเป็ด,"This sector covers the activity of slaughter houses and products such as fresh meat, pork, chicken and duck. Also included are hides of cattle and buffalo, feathers of chicken and duck, buffalo horns and other by-products of cattle, buffalo, swine, chicken and duck.",015,Slaughtering,006,Food Manufacturing,003,Food Manufacturing
043,การทำเนื้อกระป๋องและผลิตภัณฑ์เนื้ออื่น ๆ,Canning and preserving of meat,สาขานี้ประกอบด้วยกิจกรรมเนื้อสุกร เนื้อไก่ เนื้อโค เนื้อกระบือ เนื้อเป็ดกระป๋องและการเก็บรักษาเนื้อ เช่น การทำแฮม ไส้กรอก เนื้อเค็ม เนื้อแช่เย็นและแช่แข็ง เป็นต้น,"This sector covers the activity of canning and preserving meat, and the preparation of ham, and sausage.",016,Processing and Presering of Foods,006,Food Manufacturing,003,Food Manufacturing
044,ผลิตภัณฑ์ที่ได้จากน้ำนม,Dairy products,สาขานี้ประกอบด้วยการผลิตนมพร้อมดื่ม นมข้น นมผง ครีม เนย มาการีน ไอศกรีม และนมเปรี้ยว ฯลฯ,"This sector covers pasteurized milk, condensed milk, cream, butter, cheese, margarine and ice cream.",016,Processing and Presering of Foods,006,Food Manufacturing,003,Food Manufacturing
045,การทำผลไม้และผักกระป๋องและการเก็บรักษาผักและผลไม้,Canning and preservation of fruit and vegetables,สาขานี้ประกอบด้วยการผลิตผลไม้แช่แข็งและผลไม้ตากแห้ง ผักแลผลไม้บรรจุกระป๋อง บรรจุขวด น้ำผลไม้ แยม เยลลี่ ผลไม้ดอง ผักดอง สับปะรดกระป๋อง การเก็บรักษาผักและผลไม้อื่น ๆ,"This sector covers dried and frozen fruits, canned and bottled fruits and vegetables, fruit and vegetable juice, jam, jellies and others.",016,Processing and Presering of Foods,006,Food Manufacturing,003,Food Manufacturing
046,การทำปลากระป๋อง อาหารทะเลกระป๋องและการเก็บรักษาอาหารทะเลอื่น ๆ,Canning and preservation of fish and other sea foods,สาขานี้ประกอบด้วยการบรรจุปลา กุ้ง ปู หอย อาหารทะเลอื่น ๆ และผลิตภัณฑ์อาหารทะเล ในภาชนะบรรจุที่ผนึกและอากาศเข้าไม่ได้รวมทั้งอาหารทะเลแช่แข็งและอาหารทะเลตากแห้งอื่น ๆ,"This sector covers frozen fish, salted and dried fish and preserved fish.",016,Processing and Presering of Foods,006,Food Manufacturing,003,Food Manufacturing
047,การผลิตน้ำมันมะพร้าวและน้ำมันปาล์ม,Coconut and palm oil,สาขานี้ประกอบด้วยน้ำมันมะพร้าว น้ำมันปาล์ม กากน้ำมันมะพร้าวและกากน้ำมันปาล์ม,"This sector covers coconut oil, palm oil, coconut cake and palm cake.",016,Processing and Presering of Foods,006,Food Manufacturing,003,Food Manufacturing
048,การผลิตน้ำมันสัตว์ ไขสัตว์ น้ำมันพืช และผลพลอยได้,"Animal oil, animal fat, vegetable oil and by-products",สาขานี้ประกอบด้วยน้ำมันหมู ไขมันสัตว์ น้ำมันถั่วเหลือง น้ำมันสกัดจากเมล็ดละหุ่ง น้ำมันสกัดจากเมล็ดฝ้าย น้ำมันสกัดจากเมล็ดนุ่น น้ำมันเมล็ดทานตะวัน น้ำมันรำข้าว น้ำมันพืชอื่น ๆ และผลพลอยได้ของผลิตภัณฑ์เหล่านี้ เช่น กากถั่วเหลือง เป็นต้น,"The products covered are lard, animal fat, soybean oil, cotton seed oil, kapok seed oil, sunflower seed oil, rice bran oil, other vegetable oil, and their by-products.",016,Processing and Presering of Foods,006,Food Manufacturing,003,Food Manufacturing
049,โรงสีข้าว,Rice milling,สาขานี้ประกอบด้วยการสีข้าว การขัดข้าว การผลิตข้าวนึ่ง ข้าวหัก และผลพลอยได้ เช่น รำข้าว และแกลบ,"This sector covers production of husked-cleaned polished rice, parboiled rice, broken rice, rice bran and rice husk.",017,Rice and Other Grain Milling,006,Food Manufacturing,003,Food Manufacturing
050,การผลิตผลิตภัณฑ์มันสำปะหลัง,Tapioca milling,"สาขานี้ประกอบด้วยการผลิตผลิตภัณฑ์มันสำปะหลังทุกชนิด เช่น แป้งมันสำปะหลัง แป้งสาคู มันเส้น มันอัดเม็ด และผลพลอยได้","This sector covers milled products of cassava of all kinds such as tapioca flour, tapioca chips and tapioca pellets.",017,Rice and Other Grain Milling,006,Food Manufacturing,003,Food Manufacturing
051,การบดข้าวโพด,Grinding of maize,สาขานี้ประกอบด้วยการบดข้าวโพด,This sector covers maize milling activities such as grinding of corncob and other maize products.,017,Rice and Other Grain Milling,006,Food Manufacturing,003,Food Manufacturing
052,การผลิตแป้งและการป่นแป้งอื่น ๆ,Flour and other grain milling,สาขานี้ประกอบด้วยการทำแป้งและการป่นแป้ง เช่น แป้งข้าวเจ้า แป้งสาลี แป้งข้าวโพด แป้งถั่ว และแป้งอื่น ๆ,This sector covers the activity of flour and other grain milling.,017,Rice and Other Grain Milling,006,Food Manufacturing,003,Food Manufacturing
055,การผลิตน้ำตาล,Sugar,สาขานี้ประกอบด้วยการผลิตน้ำตาลดิบ น้ำตาลทรายขาว น้ำตาลที่ได้จากมะพร้าวและน้ำตาลที่ได้จากปาล์มต่าง ๆ กลูโคส น้ำหวาน รวมทั้งน้ำตาลสังเคราะห์ และผลพลอยได้  เช่น กากอ้อย และกากน้ำตาล,"This sector covers refined sugar made from sugar-cane and coconut tree as well as the by-products of sugar such as syrup, molasses and bagasse.",018,Sugar Refineries,006,Food Manufacturing,003,Food Manufacturing
053,การผลิตขนมปัง,Bakery products,สาขานี้ประกอบด้วยการทำขนมปัง ขนมเค้ก คุกกี้ ขนมปังกรอบ ขนมคบเคี้ยว เป็นต้น,"This sector covers all bakery products such as bread, cake, pies, and crackers.",019,Other Foods,006,Food Manufacturing,003,Food Manufacturing
054,การผลิตเส้นก๋วยเตี๋ยวและผลิตภัณฑ์ที่คล้ายคลึงกัน,Noodles and similar products,สาขานี้ประกอบด้วยการผลิตอาหารเส้นทุกชนิด เช่น บะหมี่ ก๋วยเตี๋ยว สปาเก็ตตี้ มักกะโรนี บะหมี่สำเร็จรูป และวุ้นเส้น,"Covers in this sector are noodles of all kinds such as yellow noodles, white noodles made from rice flours, spaghetti, macaroni, etc. Instant noodles also belong to this category.",019,Other Foods,006,Food Manufacturing,003,Food Manufacturing
056,การผลิตขนมชนิดต่าง ๆ,Confectionery,สาขานี้ประกอบด้วยการผลิต ขนมต่าง ๆ เช่น ลูกกวาด ช็อคโกแล็ต หมากฝรั่ง ขนมหวาน และขนมไทยอื่น ๆ,"Candies, chocolate, chewing gum and other confectioneries are covered by this sector.",019,Other Foods,006,Food Manufacturing,003,Food Manufacturing
057,การผลิตน้ำแข็ง,Ice,สาขานี้ประกอบด้วยการผลิตน้ำแข็งที่ใช้เพื่อการบริโภคและที่ใช้ในโรงงานอุตสาหกรรม,Ice is the sole product of this sector.,019,Other Foods,006,Food Manufacturing,003,Food Manufacturing
058,การผลิตผงชูรส,Monosodium glutamate,สาขานี้ประกอบด้วยการผลิตผงชูรส และผลพลอยได้,Monosodium glutamate is the only product covered in this sector.,019,Other Foods,006,Food Manufacturing,003,Food Manufacturing
059,การผลิตชา กาแฟ และเครื่องดื่มกึ่งสำเร็จรูปต่าง ๆ,Coffee and tea,สาขานี้ประกอบด้วยการผลิตชา กาแฟ และเครื่องดื่มกึ่งสำเร็จรูปต่าง ๆ เช่น โกโก้ผง เก๊กฮวยผง ขิงผง,"This sector covers the activities involved in the processing of coffee and tea. The productions covered by this sector are coffee and tea powers, instant coffee and tea as well as roasted coffee beans and tea leaves.",019,Other Foods,006,Food Manufacturing,003,Food Manufacturing
060,การผลิตผลิตภัณฑ์อาหารอื่น ๆ,Other food products,สาขานี้ประกอบด้วย ซีอิ้ว เต้าหู้ น้ำปลา ไข่เค็ม เครื่องแกง เกลือ เครื่องชูรส และเครื่องเตรียมอาหารอื่น ๆ,"This sector includes soy sauce, bean curd, fish sauce, vinegar, salted and fermented eggs, spices, table salt, other sauces and other prepared food.",019,Other Foods,006,Food Manufacturing,003,Food Manufacturing
061,การผลิตอาหารสัตว์,Animal feed,สาขานี้ประกอบด้วยการผลิตอาหารสัตว์สำเร็จรูปทุกชนิด และปลาป่น,Covered in this sector is the production of all kinds of animal feed such as chicken feed and fish meal.,020,Animal Food,006,Food Manufacturing,003,Food Manufacturing
062,การต้ม การกลั่น และการผสมสุรา,Distilling and spirits blending,สาขานี้ประกอบด้วยการต้ม การกลั่นเอธิลแอลกอฮอล์และการผสมสุรา เช่น บรั่นดี วิสกี้ สุรา ไวน์ แชมเปญ และสุราอื่น ๆ,"This sector covers manufacturing of brandy, liqueurs and wine.",021,Beverages,007,Beverages and Tobacco Products,003,Food Manufacturing
063,การผลิตเบียร์,Breweries,สาขานี้ประกอบด้วยการผลิตข้าวมอลต์และเบียร์,Brewing of malt and beer are included in this sector.,021,Beverages,007,Beverages and Tobacco Products,003,Food Manufacturing
064,อุตสาหกรรมเครื่องดื่มที่ไม่มีแอลกอฮอล์และน้ำอัดลม,Soft drinks and carbonated water,"สาขานี้ประกอบด้วยการผลิตเครื่องดื่มที่ไม่มีแอลกอฮอล์ เช่น น้ำอัดลม น้ำโซดา น้ำกลั่น น้ำแร่อัดลม และการผลิตน้ำดื่มบรรจุขวด","This sector covers soda water, carbonated fruit drinks, distilled water and other soft drinks.",021,Beverages,007,Beverages and Tobacco Products,003,Food Manufacturing
065,การบ่มและอบใบยาสูบ,Tobacco processing,สาขานี้ประกอบด้วยการบ่มและอบใบยาสูบและการดำเนินการอื่น ๆ ซึ่งเกี่ยวเนื่องกับการเตรียมใบยาดิบเพื่อการผลิตต่อไป,"This sector covers the activities of tobacco-leaf processing. Only dried tobacco-leaf is included in this sector. There are four kinds of dried tobacco-leaf: Virginia, Burley, Turkish and Native.",022,Tobacco Processing and Products,007,Beverages and Tobacco Products,003,Food Manufacturing
066,การผลิตผลิตภัณฑ์ใบยาสูบ,Tobacco products,สาขานี้ประกอบด้วยการผลิต ซิการ์ บุหรี่ ยาจุก และยาเส้น,"This sector consists of cigar, cigarettes, cut tobacco and chewing tobacco.",022,Tobacco Processing and Products,007,Beverages and Tobacco Products,003,Food Manufacturing
067,การปั่นด้าย การหีบฝ้าย และเส้นใยประดิษฐ์,Spinning,สาขานี้ประกอบด้วยการหีบฝ้าย การปั่นด้ายจากฝ้าย ขนสัตว์ และเส้นใยประดิษฐ์ต่าง ๆ,"This sector includes cotton, synthetic silk yarn, spun, and short and long synthetic staple. Excluded from this sector are yarns from jute and kenaf.",023,"Spinning, Weaving and Bleaching",008,Textile Industry,004,Textile Industry
068,การทอผ้า,Weaving,สาขานี้ประกอบด้วยการทอผ้าจากฝ้าย ไหม ขนสัตว์ และเส้นใยประดิษฐ์ต่าง ๆ,"Covered in this sector are cotton fabrics, mixed-cotton fabrics, synthetic fabrics and silk fabrics. Jute and kenaf fabrics are not included.",023,"Spinning, Weaving and Bleaching",008,Textile Industry,004,Textile Industry
069,การฟอก การพิมพ์ การย้อม และการแต่งเสร็จ,"Textile bleaching, printing and finishing",สาขานี้ประกอบด้วยการพิมพ์ผ้า การฟอกขาว การย้อม และการแต่งสำเร็จด้วยและผ้า,"This sector covers the activities of printing, bleaching and finishing textile.",023,"Spinning, Weaving and Bleaching",008,Textile Industry,004,Textile Industry
070,การผลิตสินค้าสิ่งทอถักสำเร็จรูป ยกเว้นเครื่องแต่งกาย,Made-up textile goods,"สาขานี้ประกอบด้วยสิ่งทอที่มิได้ระบุไว้ในสาขาอื่น รวมทั้งสิ่งทอถักที่ใช้ในครัวเรือน เช่น ผ้าขนหนู ผ้าปูที่นอน ผ้าห่ม ผ้าสักหลาดและผลิตภัณฑ์สักหลาด ผ้าสำลี และผ้าม่าน เป็นต้น","This sector covers all textile processed products not classified elsewhere. Products included are household textile furnishing materials, textile bags, canvas products, lace and lace products, textile-coated fabrics, felt and felt products and textile wadding material.",024,Textile Products,008,Textile Industry,004,Textile Industry
071,การผลิตสิ่งทอ,Knitting,"สาขานี้ประกอบด้วยการดำเนินกิจการเกี่ยวกับการถักถุงเท้า เครื่องแต่งกายชั้นใน เครื่องแต่งกายชั้นนอก ผ้าถัก ผ้าลูกไม้จากเส้นใยธรรมชาติ เส้นใยเทียม ทั้งที่ถักด้วยมือและเครื่องจักร เป็นต้น",Covered in this sector are knitted fabrics and products from knitted fabrics. Knitting products made directly from yarn such as stockings are also included.,024,Textile Products,008,Textile Industry,004,Textile Industry
072,การผลิตเครื่องแต่งกาย,Wearing apparel,สาขานี้ประกอบด้วยการผลิตเครื่องแต่งกาย โดยการตัดและเย็บจากผ้า หนังสัตว์ และวัสดุอื่น ๆ รวมทั้งผ้าเช็ดหน้า เน็คไท ผ้าคลุมไหล่ ผ้าคลุมหน้า และสิ่งตัดเย็บสำเร็จรูปทุกชนิด,"This sector covers the products of wearing apparel and allied clothing produced in factory, which includes woven products such as handkerchiefs, neckties, shawls and veils excluding all kinds of wearing apparel made by tailors.",024,Textile Products,008,Textile Industry,004,Textile Industry
073,การผลิตพรม และเครื่องปูลาด,Carpets and rugs,สาขานี้ประกอบด้วยการผลิตพรม เสื่อ หมอน ที่นอน และเครื่องปูลาดอื่น ๆ,This sector covers only the products of carpets and rugs made from textile materials. Carpets and rugs from straw or material other than textile were not included.,024,Textile Products,008,Textile Industry,004,Textile Industry
074,การผลิตผลิตภัณฑ์ป่านและปอ,Jute mill products,สาขานี้ประกอบด้วยการอัดปอเบล การผลิตผลิตภัณฑ์จากปอแก้วและปอกระเจา เช่น การทำเชือก กระสอบ แห อวน และผลิตภัณฑ์จากป่านและปออื่น ๆ,"Covered in this sector are products made from kenaf and jute. Other products included are yarn and fabrics of kenaf and jute except for those used in gunny bags. However, fishing nets made from materials of all kinds are included in this sector.",024,Textile Products,008,Textile Industry,004,Textile Industry
081,การผลิตเยื่อกระดาษและกระดาษชนิดต่าง ๆ,"Pulp, paper and paperboard",สาขานี้ประกอบด้วยการผลิตเยื่อกระดาษและกระดาษต่าง ๆ เช่น กระดาษพิมพ์เขียน กระดาษหนังสือพิมพ์ กระดาษแข็ง กระดาษคราฟท์ กระดาษสา และเศษกระดาษ เป็นต้น,"This sector covers pulp, paper and paperboard.",025,Paper and Paper Products,009,Paper Products and Printing,006,Paper Industries and Printing
082,การผลิตผลิตภัณฑ์กระดาษ,Paper and paperboard products,สาขานี้ประกอบด้วยการผลิตผลิตภัณฑ์กระดาษ เช่น กล่องกระดาษ กระดาษคอมพิวเตอร์ แฟ้มกระดาษ ซองจดหมาย ฉลาก ถุงกระดาษ กระดาษชำระ ผ้าอนามัย เป็นต้น,"This sector included all kinds of paper and paperboard products such as paper boxes, book covers, writing pads, envelopes, labels, paper bags and sanitary napkins. Published products such as books, magazines and newspapers are not included.",025,Paper and Paper Products,009,Paper Products and Printing,006,Paper Industries and Printing
083,การพิมพ์ การพิมพ์โฆษณา,Printing and publishing,สาขานี้ประกอบด้วย สถานประกอบการซึ่งดำเนินกิจการเกี่ยวกับการพิมพ์ เช่น เลตเตอร์เพรสลิโธกราฟ ออฟเซท การทำเล่มหนังสือ การพิมพ์หนังสือพิมพ์ วารสาร หนังสือและแผนที่,"This sector covers printing activities by one or more of the common processes such as the use of the letter-press, lithographing, offset printing and bookbinding. Also included are the publishing of newspapers, periodicals, books and maps.",026,Printing and Publishing,009,Paper Products and Printing,006,Paper Industries and Printing
084,การผลิตเคมีภัณฑ์อุตสาหกรรมขั้นมูลฐาน,Basic industrial chemicals,สาขานี้ประกอบด้วยการผลิตเคมีภัณฑ์ขั้นมูลฐาน เช่น กำมะถัน โฮโดรเจน ออกซิเจน ไนโตรเจน ซัลเฟอร์และเคมีภัณฑ์อื่น ๆ อาทิ กรดอนินทรีย์ และสารประกอบอื่น ๆ เช่น กรดเกลือ คาร์บอนไดออกไซด์ชนิดแข็ง กรดกำมะถัน และโลหะออกไซด์ เป็นต้น,"This sector covers the manufacture of basic industrial chemicals such as hydrogen, oxygen, nitrogen, chlorine, sulfur and other chemical elements; inorganic acids and other oxygen compounds of metalloids such as hydrochloric acid, sulfuric acid, nitric acid and carbon dioxide; inorganic bases and metallic oxides such as ammonia and caustic soda; salts of inorganic acids such as aluminum sulfate, potassium nitrate, soda ash, sodium silicate and calcium hypochloride; carbides; and organic chemicals such as methylalcohol, polyhydric alcohols, esters of polyhydric alcohols, acetic acid and aldehydes.",027,Basic Chemical Products,010,Chemical Industries,007,"Rubber, Chemical and Petroleum Industries"
086,การผลิตยางสังเคราะห์ และปิโตรเคมี,Petrochemical products,สาขานี้ประกอบด้วยการผลิตยางสังเคราะห์ วัสดุสังเคราะห์ และเม็ดพลาสติก,"This sector covers the activities involved in the processing of petrochemicals. The products identified by this sector are upstream products such as ethylene, propylene; intermediate products such as vinyl chloride monomer, styrene monomer and downstream products such as polyvinyl chloride, polyethylene, etc.",027,Basic Chemical Products,010,Chemical Industries,007,"Rubber, Chemical and Petroleum Industries"
085,การผลิตและยาปราบศัตรูพืช,Fertilizer and pesticides,สาขานี้ประกอบด้วยการผลิตปุ๋ยและยาปราบศัตรูพืช เช่น ปุ๋ยยูเรีย แอมโมเนียมซัลเฟต ฟอสเฟต ปุ๋ยเคมี ปุ๋ยอินทรีย์ ยาปราบศัตรูพืชและยาฆ่าแมลงต่าง ๆ,"The products of this are urea, ammonium sulfate, phosphate, chemical fertilizer, organic fertilizer, pesticides and insecticides.",028,Fertilizer and Pesticides,010,Chemical Industries,007,"Rubber, Chemical and Petroleum Industries"
087,การผลิตสีทา น้ำมันชักเงา และแลคเกอร์,Paints,"สาขานี้ประกอบด้วยอุตสาหกรรมการผลิตสีทา น้ำมันชักเงา แลคเกอร์ สารละลาย สีเคลือบและน้ำยาเคลือบเครื่องดินเผา รวมถึงการผลิตผลิตภัณฑ์ที่เกี่ยวเนื่องกัน เช่น น้ำมันผสมสี น้ำยาล้างสี น้ำยาล้างแปรง วัสดุที่ใช้ในการอุดร่องยาแนวและพอกเนื้อ ทั้งนี้ไม่รวมสีย้อมผมและสีย้อมผ้าทุกชนิด","This sector covers the manufacture of paints, varnishes, stains and shellac, lacquers, enamels and japans. Also included are the manufacture of allied products such as composite thinners, paint removers, paint brush cleaners, putty and other coating and filling material. Dyes, organic and inorganic pigments are not included.",029,Other Chemical Products,010,Chemical Industries,007,"Rubber, Chemical and Petroleum Industries"
088,การผลิตยารักษาโรค,Drugs and medicines,สาขานี้ประกอบด้วยการผลิตยารักษาโรคในรูปแบบต่าง ๆ เช่น เม็ด แคปซูล ผง ไซรัป ยาฉีด และผลิตภัณฑ์ที่ทำจากสมุนไพร,"This sector includes the production of drugs and medicines in all forms such as tablets, capsules, powder, syrup and liquids for injection. Traditional medicines such as herbs are also included.",029,Other Chemical Products,010,Chemical Industries,007,"Rubber, Chemical and Petroleum Industries"
089,การผลิตสบู่และผลิตภัณฑ์ที่ใช้สำหรับรักษาความสะอาด,Soap and cleaning preparations,สาขานี้ประกอบด้วยการผลิตสบู่ ผงซักฟอก แชมพู และสารทำความสะอาด เป็นต้น,"This products includes in this sector are soap, detergent, shampoo, glycerine and toilet preparation.",029,Other Chemical Products,010,Chemical Industries,007,"Rubber, Chemical and Petroleum Industries"
090,การผลิตเครื่องสำอาง,Cosmetic,สาขานี้ประกอบด้วยการผลิตน้ำหอม เครื่องสำอาง ครีมแต่งผม ยาสีฟัน แป้งฝุ่น และยาระงับกลิ่นตัว เป็นต้น,"This sector includes the production of perfumes, cosmetic, hair cream, toothpaste, talcum powder and deodorant.",029,Other Chemical Products,010,Chemical Industries,007,"Rubber, Chemical and Petroleum Industries"
091,การผลิตไม้ขีดไฟ,Matches,สาขานี้ได้แก่ การผลิตไม้ขีดไฟ,This sector covers matches of all kinds.,029,Other Chemical Products,010,Chemical Industries,007,"Rubber, Chemical and Petroleum Industries"
092,การผลิตผลิตภัณฑ์เคมีอื่น ๆ,Other chemical products,สาขานี้ประกอบด้วยการผลิตผลิตภัณฑ์เคมีอื่น ๆ เช่น ฟิล์ม กระดาษอัดรูป น้ำแข็งแห้ง ขี้ผึ้ง กาว เทียนไข หมึก ผงถ่านดำ เครื่องหอมและการบูร ธูป,"Included in this sector are the manufacture of chemical products such as furniture and metal polishes, leather polishes, waxes, adhesive and glues, candles, inks, carbon black and essential oil. Also included in this sector are tanning and dyeing material such as natural indigo, vegetable dye, tanning agents and inorganic pigments. Wood chemicals such as gums and incense products such as joss sticks are also covered.",029,Other Chemical Products,010,Chemical Industries,007,"Rubber, Chemical and Petroleum Industries"
093,โรงกลั่นน้ำมันปิโตรเลียม,Petroleum refineries,สาขานี้ประกอบด้วย โรงกลั่นน้ำมันปิโตรเลียม ซึ่งผลิตน้ำมันเบนซิน น้ำมันเครื่อง น้ำมันเตา น้ำมันก๊าด น้ำมันดีเซล แก๊สโซฮอล์ ฯลฯ,"This sector covers oil-processing refineries. Products of this sector are gasoline, jet oil, LPG, asphalt, paraffin, sulfur, kerosene, diesel and fuel oil.",030,Petroleum Refineries,011,Petroleum Refineries,007,"Rubber, Chemical and Petroleum Industries"
094,การผลิตผลิตภัณฑ์อื่น ๆ จากน้ำมันปิโตรเลียม,Other petroleum products,สาขานี้ประกอบด้วยผลิตภัณฑ์จากน้ำมันปิโตรเลียม เช่น ยางมะตอย น้ำมันเครื่อง จารบี คาร์บอนแบล๊ค ผงถ่านอัด ถ่านโค้ก ทาร์ เป็นต้น,"This sector covers refined oil, refined grease and lubricating oil",030,Petroleum Refineries,011,Petroleum Refineries,007,"Rubber, Chemical and Petroleum Industries"
095,การผลิตยางแผ่นรมควัน ยางเครปและยางแท่ง,Rubber sheet and block rubber,สาขานี้ประกอบด้วยการผลิตยางแผ่นดิบรมควัน ยางแท่ง ยางเครป รวมทั้งเศษยาง,"This sector covers rubber sheets, block rubber, crepe rubber and other processed rubber.",031,Rubber Products,012,Rubber and Plastic Products,007,"Rubber, Chemical and Petroleum Industries"
096,การผลิตยางนอกและยางใน,Tyres and tubes,สาขานี้ประกอบด้วยการผลิตยางนอกและยางในเพื่อใช้กับยานพาหนะทุกชนิด รวมทั้งการหล่อดอกยาง,"This sector covers all types of tyres and tubes such as those for passenger car, truck and bus, tractor, motorcycle and bicycle.",031,Rubber Products,012,Rubber and Plastic Products,007,"Rubber, Chemical and Petroleum Industries"
097,การผลิตผลิตภัณฑ์ยางอื่น ๆ,Other rubber products,สาขานี้ประกอบด้วยการผลิตผลิตภัณฑ์จากยาง เช่น รองเท้ายาง ยางยืด ท่อยาง สายพานยางที่ใช้ในโรงงานอุตสาหกรรม สายพานอื่น ๆ ยางโฟม กระเบื้องยางปูพื้น ตลอดจนผลิตภัณฑ์ยางอื่นๆ,"This sector covers the manufacture of rubber products not classified elsewhere such as rubber raincoats, rubber gloves, rubber bags, rubber mats, rubber toys, rubber bands, rubber hose and tubes, rubber bottles and rubber sponges.",031,Rubber Products,012,Rubber and Plastic Products,007,"Rubber, Chemical and Petroleum Industries"
098,การผลิตผลิตภัณฑ์พลาสติก,Plastic ware,สาขานี้ประกอบด้วยการผลิตผลิตภัณฑ์พลาสติกต่าง ๆ เช่น ท่อพีวีซี ของเล่นพลาสติก ภาชนะพลาสติก ฟองน้ำ โฟม แผ่นไฟเบอร์ แห อวน รวมทั้งพลาสติกที่ใช้ในโรงงานอุตสาหกรรมและในครัวเรือนอื่น ๆ,"This sector covers the moulding, extruding and fabricating of plastic articles such as plastic household articles, plastic containers and cups, plastic mats, laminated sheets. Also included are plastic components for insulation, plastic furniture, and plastic industrial supplies.",032,Plastic Wares,012,Rubber and Plastic Products,007,"Rubber, Chemical and Petroleum Industries"
102,การผลิตซีเมนต์,Cement,สาขานี้ประกอบด้วยการผลิตซีเมนต์ปอร์ตแลนด์ ซีเมนต์ผสม ซีเมนต์ขาวและปูนขาว,"This sector consists of portland cement, white cement and lime.",033,Cement and Concrete Products,013,Non-metallic Products,008,Non-metallic Products
103,การผลิตผลิตภัณฑ์คอนกรีต,Concrete and cement products,สาขานี้ประกอบด้วยการผลิตผลิตภัณฑ์คอนกรีต เช่น คอนกรีตบล๊อค เสารับอาคารและเสาเข็ม คอนกรีต ท่อคอนกรีตและผลิตภัณฑ์คอนกรีตเสริมเหล็ก ประเภทคอนกรีตหล่อสำเร็จและคอนกรีตอัดแรง เพื่อใช้ในการก่อสร้างอาคารแบบสำเร็จรูป รวมทั้งคอนกรีตผสมเสร็จ,"This sector covers the manufacture of concrete products such as blocks, posts and piles, precast elements for prefabricates construction materials, other reinforced and pre-stressed concrete products as well as Buddha images and spirit houses.",033,Cement and Concrete Products,013,Non-metallic Products,008,Non-metallic Products
099,การผลิตกระเบื้องและเครื่องปั้นดินเผา,Ceramic and earthen ware,สาขานี้ประกอบด้วยการผลิตเครื่องปั้นดินเผา เซรามิค ผลิตภัณฑ์โมเสค เครื่องสุขภัณฑ์ และเครื่องปั้นดินเผาที่ใช้สำหรับอุตสาหกรรมและการก่อสร้างอื่น ๆ เป็นต้น,"The sector covers pottery, ceramic and earthenware for industrial and construction use. Sanitary supplies are also included.",034,Other Non-metallic Products,013,Non-metallic Products,008,Non-metallic Products
100,การผลิตแก้วและผลิตภัณฑ์แก้ว,Glass and glass products,"สาขานี้ประกอบด้วยการผลิตกระจกแผ่นเรียบ กระจกนิรภัย แท่งแก้ว ขวด แก้วน้ำ ใยแก้ว หลอดแก้ว ทำหลอดไฟฟ้า รวมทั้งเศษแก้ว เป็นต้น","This sector consists of window flat glass, bottles, drinking glasses, lamp chimneys and other.",034,Other Non-metallic Products,013,Non-metallic Products,008,Non-metallic Products
101,การผลิตผลิตภัณฑ์จากดินที่ใช้กับงานก่อสร้าง,Structural clay products,"สาขานี้ประกอบด้วยการผลิตอิฐ กระเบื้องต่าง ๆ ท่อ อิฐทนไฟ และผลิตภัณฑ์จากดินที่ใช้กับงานก่อสร้างซึ่งคล้ายคลึงกันอื่น ๆ","This sector covers bricks, tiles pipes, refractory bricks and other similarly structural clay products.",034,Other Non-metallic Products,013,Non-metallic Products,008,Non-metallic Products
104,การผลิตผลิตภัณฑ์อโลหะอื่น ๆ,Other non-metallic products,สาขานี้ประกอบด้วยผลิตภัณฑ์ยิบซั่ม ปลาสเตอร์ และผลิตภัณฑ์แอสเบสทอสอื่น ๆ ผลิตภัณฑ์หินที่มิได้ทำการผลิตเกี่ยวเนื่องกับการทำเหมืองหิน และผลิตภัณฑ์แร่อโลหะอื่น ๆ ซึ่งมิได้จัดประเภทไว้ในสาขาอื่น ๆ,"Included in this sector are the manufacture of gypsum plaster products, wood-wool board (cellocrete) and other asbestos product. Cut stone products which were not produced in conjunction with quarrying and all other non-metallic mineral products not classified elsewhere are also included.",034,Other Non-metallic Products,013,Non-metallic Products,008,Non-metallic Products
105,อุตสาหกรรมเหล็กและเหล็กกล้า,Iron and steel,"สาขานี้ประกอบด้วยสถานประกอบการซึ่งดำเนินกิจการหลักเกี่ยวกับการผลิตผลิตภัณฑ์เหล็กและเหล็กกล้าขั้นมูลฐานซึ่งประกอบด้วยกรรมวิธีทุกขั้นตอนนับตั้งแต่การถลุงด้วยเตาถลุงแร่แบบพ่นลม จนถึงขั้นกึ่งสำเร็จรูปในโรงรีดและโรงหล่อ","The sector covers pig iron, ingot, ferro-silicon, ferro-manganese and by-products of pig iron.",035,Iron and Steel,014,Basic Metal,009,"Metal, Metal Products and Machinery"
106,การผลิตผลิตภัณฑ์เหล็กกล้า,Secondary steel products,สาขานี้ประกอบด้วยการผลิตแผ่นเหล็กชุบสังกะสี แผ่นเหล็กชุบดีบุก แผ่นเหล็กรีดร้อน เหล็กเส้น ลวดเหล็ก ท่อเหล็ก การหล่อเหล็กกล้า และผงเหล็ก เป็นต้น,"The products of this sector are galvanized sheet, tin plate, angle bar and rod wire, tube and pipe. Steel forging, steel casting, polished steel are also included.",035,Iron and Steel,014,Basic Metal,009,"Metal, Metal Products and Machinery"
107,การผลิตผลิตภัณฑ์โลหะที่มิใช่เหล็ก,Non-ferrous metal,สาขานี้ประกอบด้วยสถานประกอบการ ซึ่งดำเนินกิจการหลักเกี่ยวกับการผลิตผลิตภัณฑ์โลหะที่มิใช่เหล็ก อันประกอบด้วยกรรมวิธีต่าง ๆ เริ่มตั้งแต่การถลุงขั้นต้นและขั้นที่สอง การทำโลหะผสม การทำให้บริสุทธิ์ การรีด การดึง การหล่อ และการทำเป็นรูปพรรณ กรรมวิธีที่เป็นการผลิตโลหะให้เป็นแท่ง ท่อน ท่อ เส้น รูปหน้าตัดต่าง ๆ ผลิตภัณฑ์ชนิดที่ต้องหล่อและอัดบีบเป็นรูปพรรณ รวมทั้งสถานประกอบการซึ่งดำเนินกิจการหลักเกี่ยวกับการแยกดีบุกออกจากเศษโลหะและการแยกเศษโลหะกลับคืนมาใช้ประโยชน์,"This sector covers the activities relating to the manufacture of primary non-ferrous metal products consisting of primary and secondary smelting, alloying, refining, rolling and drawing, founding and casting.",036,Non-ferrous Metal,014,Basic Metal,009,"Metal, Metal Products and Machinery"
108,การผลิตเครื่องตัด เครื่องมือและเครื่องใช้ที่ทำด้วยเหล็กและเหล็กกล้าทั่วไป,Cutlery and hand tools,"สาขานี้ประกอบด้วยการผลิตเครื่องตัด เครื่องมือ และเครื่องใช้ ที่ทำด้วยเหล็กและเหล็กกล้าทั้งที่ใช้ในครัวเรือน ใช้ในการเกษตรกรรม การก่อสร้าง และในการประกอบอาชีพอื่น ๆ เช่น มีด ขวาน มีดตัดหญ้า เคียว เสียม พลั่ว คราด ฆ้อนเหล็ก ไขควง และตะไบ เป็นต้น","This sector covers the manufacture of table, kitchen and other cutlery, hand and edge tools such as axes, sickles, shovels, rakes and other agricultural and garden tools, hammers, screw drivers, files and handsaws. Plumbers’, masons’, mechanics’ and machinists’ precision hand tools, hinges, locks key sets, builders’ hardware and marine luggage and vehicles hardware are also included.",037,Fabricated Metal Products,015,Fabricated Metal Products,009,"Metal, Metal Products and Machinery"
109,การผลิตเครื่องเรือนและเครื่องติดตั้งซึ่งทำด้วยโลหะเป็นส่วนใหญ่,Metal furniture and fixtures,สาขานี้ประกอบด้วยการผลิต การดัดแปลงเครื่องเรือน และเครื่องติดตั้งที่ทำด้วยโลหะเป็นส่วนใหญ่ที่ใช้กับบ้านเรือน อาคารสำนักงาน ภัตตาคาร ร้านค้า และอุปกรณ์การขนส่ง,"This sector covers the manufacture and alteration of furniture and fixtures consisting primary of metal for household, office, public building, transport equipment, professional and restaurant uses.",037,Fabricated Metal Products,015,Fabricated Metal Products,009,"Metal, Metal Products and Machinery"
110,การผลิตผลิตภัณฑ์โลหะ,Structure metal products,สาขานี้ประกอบด้วยการผลิตผลิตภัณฑ์โลหะที่ใช้เป็นส่วนประกอบในการก่อสร้าง เช่น สะพาน ถังน้ำ ประตู มุ้งลวด กรอบหน้าต่าง ราวบันได ประตูเหล็ก เครื่องโลหะซึ่งใช้ในงานสถาปัตยกรรม ส่วนประกอบโลหะสำหรับใช้กับระบบเครื่องระบายอากาศ และเครื่องปรับอากาศ เป็นต้น,"This sector covers the manufacture of steel or other metal structure components such as bridges, tanks, building structure, doors and screens, window frames and sashes, shutter, staircases, wrought iron gates. Other architectural metalwork such as metal components for ventilating and air-conditioning systems as well as steam and water-tanks are also included.",037,Fabricated Metal Products,015,Fabricated Metal Products,009,"Metal, Metal Products and Machinery"
111,การผลิตผลิตภัณฑ์โลหะอื่น ๆ,Other fabricated metal products,"สาขานี้ประกอบด้วยการผลิตผลิตภัณฑ์โลหะต่าง ๆ เช่น กระป๋องซึ่งทำจากเหล็กวิลาสหรือแผ่นโลหะเคลือบการผลิตเครื่องลำเลียงซึ่งทำด้วยโลหะ การทำภาชนะบรรจุสิ่งของเพื่อส่งไปจำหน่าย การทำผลิตภัณฑ์โลหะที่ประดิษฐ์ขึ้นด้วยวิธีปั้นหรือกระแทกขึ้นรูป การทำลวดและผลิตภัณฑ์จากลวด โดยใช้ลวดซึ่งซื้อมาจากแหล่งผลิตอื่น (แต่ไม่รวมถึงการทำลวดและสายเคเบิลชนิดหุ้มฉนวน) การทำเครื่องสุขภัณฑ์และเครื่องใช้ทองเหลืองที่ใช้ในการประปา วาล์ว ชิ้นส่วนสำหรับประกอบท่อ และผลิตภัณฑ์โลหะชนิดต่าง ๆ ซึ่งมิได้จัดประเภทไว้ในที่อื่น รวมทั้งการดำเนินกิจการเกี่ยวกับการเคลือบด้วยแลคเกอร์ การอาบ การชุบสังกะสี การชุบด้วยไฟฟ้า การขัดผิวผลิตภัณฑ์โลหะ","This sector covers the manufacture of fabricated metal products such as metal cans from tinplate, enameled sheet metal, metal conveyances, metal shipping containers, metal stamping, fabricated wire and wire products from purchased wire rods (excluding insulated wire and cable). Sanitary ware, plumbers’ brass good, pipe fittings, enameling, lacquering, galvanizing, electroplating and polishing metal products and a variety of metal products not classified elsewhere are also included. In addition, the sector covers common machinery part such as bearing and spring, except specialized parts for motor vehicles, aircraft and ships which belong to their respective machinery sectors.",037,Fabricated Metal Products,015,Fabricated Metal Products,009,"Metal, Metal Products and Machinery"
112,การผลิตเครื่องยนต์และเครื่องกังหัน,Engines and turbines,สาขานี้ประกอบด้วยการผลิตและการซ่อมเครื่องยนต์ไอน้ำ เครื่องยนต์ก๊าซ เครื่องกังหันไอน้ำ เครื่องกังหันก๊าซ เครื่องกังหันน้ำ เครื่องยนต์เบนซิน เครื่องยนต์ดีเซล และเครื่องยนต์สันดาปภายในชนิดอื่น ๆ,"This sector covers the assembling of stream engines, other engines and turbines. Also included are the parts and repair of engines and turbines.",038,Industrial Machinery,016,Machinery,009,"Metal, Metal Products and Machinery"
113,การผลิตเครื่องจักรและอุปกรณ์ทางการเกษตรกรรม,Agricultural machinery and equipment,สาขานี้ประกอบด้วยการผลิตและการซ่อมเครื่องจักรและอุปกรณ์ทางการเกษตร เช่น อุปกรณ์การหว่าน การเก็บเกี่ยว เป็นต้น รวมทั้งการผลิตชิ้นส่วนของเครื่องจักรและอุปกรณ์ดังกล่าว,"This sector covers the assembling of cultivating machines and equipment, sawing and planting machines, harvesting machines and equipment. parts and repair of agricultural machines and equipment.",038,Industrial Machinery,016,Machinery,009,"Metal, Metal Products and Machinery"
114,การผลิตเครื่องจักรที่ใช้ประดิษฐ์เครื่องไม้และเครื่องโลหะ,Wood and metal working machines,สาขานี้ประกอบด้วยการผลิตและการซ่อมเครื่องจักรที่ใช้ประดิษฐ์เครื่องไม้และเครื่องโลหะต่าง ๆ เช่น เครื่องจักรที่ใช้สำหรับโรงเลื่อย เครื่องกลึง เครื่องคว้าน และเครื่องเจาะ เป็นต้น รวมทั้งการผลิตชิ้นส่วนของเครื่องจักรดังกล่าว,"This sector covers the activities relating to the assembling of wood and metal working machines such as sawing machines, and the parts and repairing of such machines.",038,Industrial Machinery,016,Machinery,009,"Metal, Metal Products and Machinery"
115,การผลิตเครื่องจักรและอุปกรณ์พิเศษ,Special industrial machinery,"สาขานี้ประกอบด้วยการผลิตและการซ่อมเครื่องจักรชนิดหนัก สำหรับใช้ในการก่อสร้างเหมืองแร่ และเครื่องจักรที่ใช้ในอุตสาหกรรมที่มิได้จัดประเภทไว้ในสาขาอื่น ๆ รวมทั้งการผลิตชิ้นส่วนเครื่องจักร และอุปกรณ์ดังกล่าว","This sector covers all kinds of industrial machines except those used for wood and metalworking, agricultural machines as well as electrical machines. Machinery included in the sector is for example, construction and mining machines, food and chemical machines, leather and textile machines, etc. Also included in this sector are pneumatic tools, carrying and loading equipment such as cranes, forklifts and loading trucks, etc. Parts of such machinery and their repair are also included.",038,Industrial Machinery,016,Machinery,009,"Metal, Metal Products and Machinery"
116,การผลิตเครื่องมือเครื่องใช้ในสำนักงานและในครัวเรือน,Office and household machinery and appliances,"สาขานี้ประกอบด้วยการผลิตเครื่องมือเครื่องใช้ในสำนักงานและในครัวเรือน เช่น เครื่องปรับอากาศ เครื่องซักผ้า ตู้เย็น ตู้แช่ ตู้ทำน้ำแข็ง จักรเย็บผ้า พิมพ์ดีด เครื่องคิดเลข เครื่องคอมพิวเตอร์ รวมทั้งชิ้นส่วนและอุปกรณ์ของเครื่องมือเครื่องใช้ดังกล่าว เช่น คอมเพรสเซอร์คอนเดนเซอร์","This sector covers the assembling of office and household machinery and appliances such as air conditioners, refrigerator, freezers, water coolers, sewing machines, typewriters, electric calculators and all parts. But reparations of them are not covered in this sector.",039,Electrical Machinery and Apparatus,016,Machinery,009,"Metal, Metal Products and Machinery"
117,การผลิตเครื่องจักรและเครื่องมือไฟฟ้าสำหรับงานอุตสาหกรรม,Electrical industrial machinery and appliances,"สาขานี้ประกอบด้วยการผลิตและการซ่อมเครื่องและเครื่องมือไฟฟ้าที่ใช้ในงานอุตสาหกรรม เช่น เครื่องกำเนิดไฟฟ้า หม้อแปลงไฟฟ้า เครื่องเชื่อมไฟฟ้า มิเตอร์ไฟฟ้า เป็นต้น รวมทั้งการผลิตชิ้นส่วนของเครื่องจักรเครื่องมือดังกล่าว","This sector covers the products of electrical industrial machinery and appliances such as generators, transformer, rectifiers, motors, electrical hand tools, electrical motors, electrical welding machines and other electrical machines. Parts for these machines are also are also included.",039,Electrical Machinery and Apparatus,016,Machinery,009,"Metal, Metal Products and Machinery"
118,การผลิตอุปกรณ์และเครื่องมือทางวิทยุ โทรทัศน์ และการคมนาคม,"Radio, television and communication equipment and apparatus","สาขานี้ประกอบด้วยการผลิตวิทยุ โทรทัศน์ วีดีโอ เครื่องบันทึกคำบอก เครื่องเล่นแผ่นเสียง เครื่องบันทึกเสียงด้วยเทป เครื่องกระจายเสียงชนิดต่างๆ โทรศัพท์ จานดาวเทียม เครื่องมือสื่อสารอื่น ๆ รวมทั้งชิ้นส่วนและส่วนประกอบ เช่น แผงวงจรไฟฟ้า แผ่นวงจรพิมพ์ หลอดภาพ โทรพิมพ์สี เป็นต้น","This sector covers the assembly of radios, television sets, tape and cassette recorders, stereo components, telephone and other communication equipment. Also included are their parts but repairing is excluded.",039,Electrical Machinery and Apparatus,016,Machinery,009,"Metal, Metal Products and Machinery"
119,การผลิตเครื่องใช้และอุปกรณ์ไฟฟ้าภายในบ้าน,Household electrical appliances,"สาขานี้ประกอบด้วยการผลิตเครื่องใช้และอุปกรณ์ไฟฟ้าในบ้านขนาดเล็ก เช่น เตาอบไมโครเวฟ เตารีด พัดลม หม้อหุงข้าว เครื่องปิ้งขนมปัง เครื่องผสมอาหาร และชิ้นส่วนประกอบต่าง ๆ","This sector covers the production of household electrical appliances such as electric stoves, electric iron, electric fans, rice cooker, toasters, food mixers and all the parts.",039,Electrical Machinery and Apparatus,016,Machinery,009,"Metal, Metal Products and Machinery"
120,การผลิตลวดและสายเคเบิลชนิดหุ้มฉนวน,Insulated wire and cable,สาขานี้ประกอบด้วยการผลิตลวดและสายเคเบิลชนิดหุ้มฉนวน,This sector covers the production of insulates wire and cable.,039,Electrical Machinery and Apparatus,016,Machinery,009,"Metal, Metal Products and Machinery"
121,การผลิตหม้อเก็บประจุไฟฟ้าและแบตเตอรี่ต่าง ๆ,Electric accumulators and batteries,"สาขานี้ประกอบด้วยการผลิตหม้อเก็บประจุไฟฟ้าชนิดด่างหรือตะกั่วกรด และเซลไฟฟ้าปฐมภูมิ เช่น แบตเตอรี่ ถ่านไฟฉาย เป็นต้น",This sector covers the production of batteries. Dry cells parts such as lead plates are also included.,039,Electrical Machinery and Apparatus,016,Machinery,009,"Metal, Metal Products and Machinery"
122,การผลิตเครื่องมือเครื่องใช้ไฟฟ้าอื่น ๆ,Other electrical apparatus and supplies,สาขานี้ประกอบด้วยการผลิตเครื่องมือเครื่องใช้ไฟฟ้าที่มิได้จัดประเภทไว้ในสาขาอื่น ๆ เช่น โคมไฟฟ้า หลอดไฟฟ้า ฟิวส์ ตัวนำ และอุปกรณ์ที่มีกระแสไฟฟ้าผ่าน เป็นต้น,"This sector covers electrical apparatus and supplies not classified elsewhere, such as electric bulbs, and related light sources. Other products included are conductors, fuses, connectors, etc.",039,Electrical Machinery and Apparatus,016,Machinery,009,"Metal, Metal Products and Machinery"
125,การผลิตยานยนต์,Motor vehicles,สาขานี้ประกอบด้วยการผลิต การประกอบรถยนต์นั่ง รถโดยสาร รถบรรทุก รถจิ๊บ รถยก แชสซี ชิ้นส่วนและส่วนประกอบของรถดังกล่าว,"This sector covers the production and assembly of motor vehicles. The products included are passenger cars, trucks, vans, pick-up, buses and the classis and parts of such vehicles.",040,Motor Vehicles and Repairing,016,Machinery,009,"Metal, Metal Products and Machinery"
126,การผลิตรถจักรยานยนต์และรถจักรยาน,Motor vehicles,"สาขานี้ประกอบด้วยการผลิตรถจักรยานยนต์ รถจักรยาน รถสามล้อ รถเข็น รวมทั้งชิ้นส่วนและส่วนประกอบของรถดังกล่าวด้วย","The products of this sector are motorcycles, tricycles, bicycles, carriages and parts for such products.",040,Motor Vehicles and Repairing,016,Machinery,009,"Metal, Metal Products and Machinery"
127,การซ่อมแซมยานพาหนะทุกชนิด,Repair of motor vehicles,สาขานี้ประกอบด้วยการซ่อมแซมและบำรุงรักษายานพาหนะ เช่น รถยนต์ รถจักรยานยนต์รถจักรยาน,This sector covers automobile and motorcycle repair of all kinds.,040,Motor Vehicles and Repairing,016,Machinery,009,"Metal, Metal Products and Machinery"
123,การต่อและการซ่อมเรือ,Ship building and repairing,"สาขานี้ประกอบด้วยการต่อเรือ การซ่อมเรือชนิดต่าง ๆ เช่น เรือเดินทะเล เรือท้องแบน เรือลำเลียง เรือขนาดเล็กทุกประเภท เป็นต้น รวมทั้งการผลิตชิ้นส่วนต่าง ๆ","Covered in this sector are the building and repairing of ship, boat and other water transport vessels. Parts of these vessels are also included in the sector.",041,Other Transportation Equipment,016,Machinery,009,"Metal, Metal Products and Machinery"
124,การผลิตรถไฟ,Railroad equipment,"สาขานี้ประกอบด้วยการผลิตรถไฟโดยสารและบรรทุกสินค้า การผลิตชิ้นส่วนและส่วนประกอบต่าง ๆ ของรถไฟ รวมทั้งการซ่อมแซมรถไฟ",This sector covers the production of railroad passenger cars and wagons. The parts and repairs of such equipment are also included in the sector.,041,Other Transportation Equipment,016,Machinery,009,"Metal, Metal Products and Machinery"
128,การผลิตอากาศยาน,Aircraft,สาขานี้ประกอบด้วยการผลิตและการซ่อมแซมอากาศยานต่าง ๆ เช่น เครื่องบิน เครื่องร่อน บอลลูน อุปกรณ์กระโดดร่ม รวมทั้งการผลิตชิ้นส่วนอากาศยานดังกล่าว,This sector covers only aircraft repairing.,041,Other Transportation Equipment,016,Machinery,009,"Metal, Metal Products and Machinery"
075,โรงฟอกหนังและการแต่งสำเร็จหนัง,Tanneries and leather finishing,"สาขานี้ประกอบด้วยการฟอกและการแต่งสำเร็จหนังสัตว์ เช่น การฟอก การแปรงขน การพิมพ์ลาย และการย้อมสี เป็นต้น",The tanning and finishing of animal leather and skin are included in this sector. All kinds of artificial leathers are excluded.,042,Leather Products,017,Other Manufacturing,010,Other Manufacturing
076,การผลิตผลิตภัณฑ์หนังสัตว์,Leather products,สาขานี้ประกอบด้วยการผลิตผลิตภัณฑ์หนังสัตว์และหนังเทียม เช่น กระเป๋า ซองใส่กุญแจ สายหนัง ถุงมือ สายพาน อุปกรณ์ประกอบเสื้อผ้า ผลิตภัณฑ์ขนสัตว์ และผลิตภัณฑ์หนังสัตว์อื่น ๆ,Leather and artificial leather products are covered in this sector.,042,Leather Products,017,Other Manufacturing,010,Other Manufacturing
077,การผลิตรองเท้า ยกเว้นรองเท้ายาง,"Footwear, except of rubber",สาขานี้ประกอบด้วยการผลิตรองเท้าที่ทำด้วยหนัง ผ้า และวัตถุดิบอื่น ๆ ไม่รวมการผลิตที่ทำด้วยไม้ ยาง หรือพลาสติก,"This sector covers footwear made of leather, fabrics and other materials. It excludes those wholly made of wood, moulded rubber or plastic.",042,Leather Products,017,Other Manufacturing,010,Other Manufacturing
078,โรงเลื่อย,Saw mills,สาขานี้ประกอบด้วยสถานประกอบการที่ดำเนินกิจการเกี่ยวกับการเลื่อยไม้ การทำไม้อัด กรอบประตู หน้าต่าง ไม้ปาร์เก้ เป็นต้น,This sector covers sawn timber and other wooden construction materials such as plywood and chip board.,043,Saw Mills and Wood Products,017,Other Manufacturing,005,Saw Mills and Wood Products
079,การผลิตผลิตภัณฑ์ไม้และไม้ก๊อก,Wood and cork products,สาขานี้ประกอบด้วยการผลิตผลิตภัณฑ์จากไม้ ไม้ก๊อก หวาย ไม้ไผ่ ที่มิได้จัดประเภทไว้ในที่อื่น ๆ เช่น ตะกร้า ลัง ไม้แขวนเสื้อ ไม้จิ้มฟัน และหลอดด้าย เป็นต้น,"Except for furniture and fixtures, this sector covers products made from wood, rattan and bamboo such as wooden boxes and containers. Also included are handicraft utensils, articles and parts of equipment which can be commonly installed in different kinds of equipments.",043,Saw Mills and Wood Products,017,Other Manufacturing,005,Saw Mills and Wood Products
080,การผลิตเครื่องเรือนและเครื่องตกแต่งทำด้วยไม้,Wooden furniture and fixtures,สาขานี้ประกอบด้วยการผลิตเครื่องเรือนและเครื่องตกแต่งทุกชนิด,This sector covers all kinds of furniture and fixtures except those made of metal.,043,Saw Mills and Wood Products,017,Other Manufacturing,005,Saw Mills and Wood Products
129,การผลิตเครื่องมือและอุปกรณ์วิทยาศาสตร์และการแพทย์,Scientific equipment,สาขานี้ประกอบด้วยการผลิตเครื่องมือและอุปกรณ์วิทยาศาสตร์ เครื่องมือและอุปกรณ์การแพทย์ เช่น เครื่องวัด เครื่องมือทำฟัน เข็มฉีดยา รวมทั้งการผลิตชิ้นส่วนและส่วนประกอบ และการซ่อมแซมเครื่องมือและอุปกรณ์ดังกล่าวด้วย,"The sector covers measuring equipment, medical equipment and the parts and repairs of such equipment.",044,Other Manufacturing Products,017,Other Manufacturing,010,Other Manufacturing
130,การผลิตเครื่องมือเครื่องใช้เกี่ยวกับการถ่ายภาพและสายตา,Photographic and optical goods,"สาขานี้ประกอบด้วยการผลิตเครื่องมือเครื่องใช้เกี่ยวกับนัยน์ตาหรือการวัดสายตา เช่น เลนซ์ แว่นตา กล้องส่องทางไกล อุปกรณ์สำหรับดูดาว กล้องจุลทรรศน์ เครื่องฉาย กล้องถ่ายรูป เครื่องถ่ายเอกสาร เครื่องมือเครื่องใช้ในการถ่ายภาพ รวมทั้งชิ้นส่วนประกอบของเครื่องมือเครื่องใช้ดังกล่าว","This sector included optical goods, spectacles, telescopes, astronomical, instrument, microscopes, projectors, cameras, photo copying apparatus and parts for these products.",044,Other Manufacturing Products,017,Other Manufacturing,010,Other Manufacturing
131,การผลิตนาฬิกา,Watches and clocks,สาขานี้ประกอบด้วยการผลิตนาฬิกาตั้ง แขวน นาฬิกาข้อมือ และชิ้นส่วนนาฬิกาทุกประเภท,This sector covers the production and assembly of clocks and watches.,044,Other Manufacturing Products,017,Other Manufacturing,010,Other Manufacturing
132,การผลิตเครื่องประดับและกิจกรรมที่เกี่ยวข้อง,Jewellery and related articles,"สาขานี้ประกอบด้วยการเจียระไนและการขัดหินมีค่า หินกึ่งมีค่า มุก เครื่องเงิน เครื่องถม เครื่องใช้ทำด้วยแผ่นเงิน ทอง แผ่นโลหะมีค่าอื่น ๆ รวมทั้งการผลิตเครื่องประดับสำเร็จรูป การทำเหรียญกษาปณ์และเหรียญตรา เป็นต้น","This sector covers activities primary related to the manufacturing of jewellery using precious metals, precious and semi-precious stones and pearls, silverware and plotted ware using silver, gold and other precious metal plating. The cutting and polishing of precious stones and the making of coins and medals from precious metal are also included.",044,Other Manufacturing Products,017,Other Manufacturing,010,Other Manufacturing
133,การผลิตเครื่องดนตรีและเครื่องกีฬา,Recreational and athletic equipment,สาขานี้ประกอบด้วยการผลิตเครื่องดนตรีและเครื่องกีฬาทุกประเภท เช่น กีตาร์ เปียโน ลูกฟุตบอล ลูกกอล์ฟ แบดมินตัน นวมต่อยมวย เป็นต้น,"The products in this sector include musical instruments, music recording, footballs, golf balls, badminton rackets, boxing gloves and other recreational and athletic equipment.",044,Other Manufacturing Products,017,Other Manufacturing,010,Other Manufacturing
134,การผลิตสินค้าอุตสาหกรรมอื่น ๆ,Other manufactured goods,สาขานี้ประกอบด้วยการผลิตสินค้าอุตสาหกรรมที่มิได้จัดไว้ในสาขาอื่น ๆ เช่น เครื่องเขียน ของเล่นเด็ก ร่ม ซิป กระดุม ขอติดเสื้อ ดอกไม้ประดิษฐ์ เพชรพลอยเทียม ภาพวาด เป็นต้น,"This sector covers the products that have been excluded from the manufacturing sectors by code 042 to 133. The main products of this sector are stationary, toys, umbrella, zippers, buttons, fasteners, etc.",044,Other Manufacturing Products,017,Other Manufacturing,010,Other Manufacturing
135,การไฟฟ้า,Electricity,สาขานี้ประกอบด้วยการผลิตไฟฟ้าจากพลังงานต่าง ๆ เช่น ผลิตจากพลังน้ำ น้ำมันเตา ก๊าซธรรมชาติ เป็นต้น การส่งและการจำหน่ายพลังไฟฟ้าให้กับผู้ใช้ตามครัวเรือน สถานประกอบการอุตสาหกรรม พาณิชยกรรม กิจการสาธารณประโยชน์ รวมทั้งโรงผลิตไฟฟ้าที่อุตสาหกรรมปั่นเอง,"This sector covers the generation, transmission and distribution of electric for sale to household, industrial, commercial and public users. Electricity generation plants owned by manufacturing enterprises for their own use are also included.",045,Electricity and Gas,018,Electricity and Water Works,011,Public Utilities
136,การผลิตก๊าซธรรมชาติ,Pipe line and gas distribution,สาขานี้ประกอบด้วยการแยกก๊าซธรรมชาติ และการขนส่งท่อ,"This sector covers gas distribution such as LPG, ethane, propane, natural gasoline (NGL).",045,Electricity and Gas,018,Electricity and Water Works,011,Public Utilities
137,การประปา,Water work and supply,"สาขานี้ประกอบด้วยกิจการและโรงงานซึ่งดำเนินกิจการหลักเกี่ยวกับการทำน้ำให้บริสุทธิ์ การจ่ายหรือจำหน่ายให้แก่ผู้ใช้ตามบ้านเรือน สถานประกอบการอุตสาหกรรม พาณิชยกรรมและกิจการ สาธารณประโยชน์","This sector covers the activities related to the purification and distribution of water to household, industrial, commercial and public users. The operation of irrigation system is not included in this sector.",046,Water Works and Supply,018,Electricity and Water Works,011,Public Utilities
138,การก่อสร้างที่อยู่อาศัย,Residential building construction,"สาขานี้ประกอบด้วยการก่อสร้างอาคารใหม่สำหรับเป็นที่อยู่อาศัย เช่น บ้านพักอาศัย ตึกแถว อาคารชุด อพาร์ทเม้นท์ และหอพัก กิจกรรมที่เกี่ยวกับการต่อเติม การซ่อมทาสี การตกแต่งอาคาร รวมทั้งการเดินสายไฟ ระบบเครื่องทำความเย็น มูลค่าการก่อสร้างในสาขานี้ไม่รวมค่าที่ดิน","This sector covers the construction of new building for residential purposes such as homes, sop houses, apartment and dormitories. The activities of extending, repairing, painting and decorating buildings as well as the installation of electricity and air conditioning systems are also included. Excluded from this section is the cost of acquiring land.",047,Building Construction,019,Construction,012,Construction
139,การก่อสร้างอาคารที่ไม่ใช่ที่อยู่อาศัย,Non-residential building construction,"สาขานี้ประกอบด้วยการก่อสร้างอาคารใหม่ที่ไม่ใช่ที่อยู่อาศัย เช่น อาคารที่ทำการ โรงงาน โรงแรม โรงเรียน โรงพยาบาล และโกดังเก็บสินค้า รวมทั้งกิจการต่อเติมและซ่อมแซมอาคารดังกล่าว ยกเว้นการก่อสร้างสถานีรถไฟ สถานีพลังงานและอาคารสื่อสาร","This sector covers the construction of new non-residential building such as business building, factories, hotels, school, hospitals, and warehouse as well as related activities of extension and repair. Excluded are the constructions of railway station, power station or communication plants.",047,Building Construction,019,Construction,012,Construction
140,การก่อสร้างงานบริการสาธารณะทางด้านเกษตรและป่าไม้,Public works for agriculture and forestry,"สาขานี้ประกอบด้วยการก่อสร้างและต่อเติมงานบริการสาธารณะทางด้านเกษตรและป่าไม้ เช่น การก่อสร้างเขื่อนและโครงการชลประทาน เป็นต้น",This sector covers the construction and extension of irrigation works for agriculture and forestry. Only new construction is included.,048,Public Works and Other Construction,019,Construction,012,Construction
141,การก่อสร้างงานบริการสาธารณะที่ไม่เกี่ยวกับงานเกษตร,Non-agriculture public works,สาขานี้ประกอบด้วยการก่อสร้างและซ่อมแซมทางหลวง ถนน สะพาน ท่าเทียบเรือ สนามบิน สถานีรถไฟ ท่อน้ำสายใหญ่และทางระบายสิ่งโสโครก เป็นต้น,"This sector covers the construction and repair of highway, streets, roads, bridges, airports, water supplies and sewage systems.",048,Public Works and Other Construction,019,Construction,012,Construction
142,การก่อสร้างโรงงานผลิตพลังไฟฟ้าและสาธารณูปโภค,Construction of electric plants,สาขานี้ประกอบด้วยการก่อสร้างและซ่อมแซมโรงไฟฟ้าและระบบส่งไฟสถานีย่อย,This sector covers the construction and repair of electricity generating plants and transmission systems.,048,Public Works and Other Construction,019,Construction,012,Construction
143,การก่อสร้างอาคารและระบบสื่อสาร,Construction of communication facilities,"สาขานี้ประกอบด้วยการก่อสร้างอาคารและระบบการสื่อสาร เช่น โทรเลข โทรศัพท์ สถานีวิทยุกระจายเสียง เป็นต้น","This sector covers the construction and repair of broadcasting and communication systems such as radio station, town telephone installation and other facilities.",048,Public Works and Other Construction,019,Construction,012,Construction
144,การก่อสร้างอื่น ๆ,Other construction,สาขานี้ประกอบด้วยการก่อสร้างที่มิได้จัดประเภทไว้ในสาขาอื่น เช่น การวางท่อก๊าซธรรมชาติ สวนสาธารณะ ลานจอดรถ สนามกอล์ฟ สนามเทนนิส สระว่ายน้ำ และสนามกีฬาทุกชนิด,"This sector covers the construction work not classified elsewhere such as the construction of public parks, parking lots, golf courses, tennis courts, swimming pools and athletic fields of all kinds.",048,Public Works and Other Construction,019,Construction,012,Construction
145,การค้าส่ง,Wholesale trade,"สาขานี้ประกอบด้วยสถานประกอบการซึ่งดำเนินกิจการเกี่ยวกับการขายสินค้าใหม่ และสินค้าที่ใช้แล้วแก่ผู้ขายปลีก ผู้ใช้ในงานอุตสาหกรรม ผู้ใช้ในงานพาณิชย์และในงานวิชาชีพอื่น ผู้ขายส่งรายอื่น ผู้ทำหน้าที่เป็นตัวแทนซื้อสินค้าเพื่อขายให้แก่สถานประกอบการ ธุรกิจประเภทสำคัญ ๆ รวมถึงพ่อค้าขายส่งซึ่งดำเนินการซื้อและขายสินค้าที่เป็นของตนเอง ผู้จำหน่ายสินค้าอุตสาหกรรม ผู้ส่งออก ผู้สั่งสินค้าเข้า และสมาคมสหกรณ์การซื้อ สำนักงานขายของกิจการเหมืองแร่และอุตสาหกรรม ผู้ส่งออก ผู้สั่งสินค้าเข้า และสมาคมสหกรณ์การซื้อ สำนักงานขายของกิจการเหมืองแร่ และอุตสาหกรรมที่ตั้งขึ้นเพื่อขายผลิตผลของตนเอง สมาคมสหกรณ์ซึ่งดำเนินกิจการเกี่ยวกับการขายผลิตผลการเกษตร ผู้ขายเศษโลหะ ผู้ขายของเก่า รวมทั้งเศษวัสดุต่าง ๆ ผู้ขายส่งซึ่งจำแนกและคัดเกรดสินค้าจำนวนมาก พ่อค้าส่งที่ทำการบรรจุหีบห่อและบรรจุขวด ทั้งนี้ยกเว้นการบรรจุขวดและบรรจุหีบห่อในตู้คอนเทนเนอร์ของสนามบิน","This sector includes establishments for the re-sale of new and used goods to retail, industrial, commercial, institutional and professional outlets, as well as for other wholesale uses. Agents engaged in buying or selling merchandise are also covered in the sector. The principal type of business included are wholesale merchants engaged in own-account buying and selling, industrial distributors, exporters and co-operative buying associations and sales offices maintained by mining or manufacturing enterprises for the purpose of marketing their products. Also included are co-operative associations engaged in the marketing of farm produce, scrap metal and waste dealers, junk yards, wholesalers who sort and grade goods in large lots wholesale packers, bottling companies except those engaged in packing or bottling in airtight containers.",049,Trade,020,Trade,013,Trade
146,การค้าปลีก,Retail trade,"สาขานี้ประกอบด้วยสถานประกอบการ ซึ่งดำเนินกิจการเกี่ยวกับการขายปลีกสินค้าใหม่ และสินค้าที่ใช้แล้วแก่บุคคลทั่วไปหรือครัวเรือน สถานประกอบการขายปลีก เช่น ห้างสรรพสินค้า แผงลอย สถานีบริการขายน้ำมันเบนซิน ผู้จำหน่ายปลีกรถยนต์ คนเร่ขายของ สหกรณ์ผู้บริโภค สถานที่ประมูลสินค้า ผู้ขายปลีกส่วนมากมักดำเนินกิจการซื้อขายที่เป็นของตนเอง แต่บางรายอาจจะเป็นตัวแทนของสำนักงานใหญ่ และทำหน้าที่ขายให้ตามที่ได้รับมอบหมาย หรือขายให้โดยได้รับค่าธรรมเนียมตอบแทน สถานประกอบการซึ่งดำเนินกิจการหลักเกี่ยวกับการขายสินค้าที่นำมาแสดงให้แก่ประชาชนทั่วไป เช่น เครื่องพิมพ์ดีด เครื่องเขียน น้ำมันเบนซิน ได้จัดไว้ในประเภทนี้ด้วย ถึงแม้การขายสิ่งของเหล่านี้อาจจะไม่ใช่เพื่อการบริโภค หรือการใช้ประโยชน์เฉพาะส่วนบุคคลหรือในครัวเรือนหรือในครัวเรือน","This sector included establishments engaged in the sale to the general public of new and used goods for personal or household consumption. Retailing establishments include shops, department stores, stalls, gasoline service stations, retail motor vehicle dealers, peddlers, consumer co-operatives, and auction houses. Included also are own-account retailers who act as agents, buying and selling on consignment or on a commission basis. Establishments engaged in selling displayed merchandise such as typewriters, stationary and petrol to the general public are classified in this group though these goods may not be for personal or household uses.",049,Trade,020,Trade,013,Trade
147,ภัตตาคารและร้านขายเครื่องดื่ม,Restaurants and drinking places,"สาขานี้ประกอบด้วยสถานประกอบการ ซึ่งดำเนินกิจการหลักเกี่ยวกับการขายอาหารและเครื่องดื่มที่จัดเตรียมไว้พร้อมที่จะบริโภคได้ทันที่ เช่น ไนต์คลับ ภัตตาคาร บาร์ ร้านกาแฟ หาบเร่แผงลอยที่ขายอาหารสำเร็จรูปและก๋วยเตี๋ยว ทั้งนี้รวมถึงอาหารและสถานที่ใช้รับประทานอาหารในโรงงานและสถานที่ทำงาน เป็นต้น","The sector includes establishments engaged in selling prepared food or drink for immediate consumption such as nightclubs, restaurants, bard, coffee shops, etc. Also included are canteens and eating facilities in plants and offices. Restaurants operated by hotels and massage parlors for the general public are also included. Peddlers of food and noodle stands are also covered in this sector.",050,Restaurants and Hotels,021,Restaurants and Hotels,015,Services
148,โรงแรมและที่พักอื่น ๆ,Hotels and places of loading,สาขานี้ประกอบด้วยสถานประกอบการที่ดำเนินธุรกิจในการจัดหาที่พักและค่ายพักแรม,"This sector includes establishments engaged in the provision for fee of lodging and camping facilities, whether open to the general public or restricted to members of a particular organization. Related restaurant facilities operated for the purpose of serving the establishment’s customers are also included",050,Restaurants and Hotels,021,Restaurants and Hotels,015,Services
149,การขนส่งทางรถไฟ,Railways,สาขานี้ประกอบด้วยการบริการขนส่งทางรถไฟ ทั้งการขนส่งผู้โดยสารและการขนส่งสินค้า,This sector covers the service related to the transportation of both passengers and cargo. Also included are dining car services. Since the repair of railway equipment is not covered in this sector.,051,Transportation,022,Transportation and Communication,014,Transportation and Communication
150,การขนส่งทางบก,Road passenger transport,สาขานี้ประกอบด้วยสถานประกอบการซึ่งให้บริการทางด้าน การขนส่งผู้โดยสารโดยรถแท็กซี่ รถโดยสารประจำทางระหว่างจังหวัด และยานพาหนะอื่น เช่น สามล้อ เป็นต้น,"This sector covers only the transport of passengers by taxicabs, buses, inter-city buses and other vehicles such as tricycles. Private vehicles for personal transportation are excluded.",051,Transportation,022,Transportation and Communication,014,Transportation and Communication
151,การขนส่งสินค้าทางบก,Road freight transport,สาขานี้ประกอบด้วยบริการขนส่งสินค้าทางบกโดยรถบรรทุก,This sector cover local and long distance trucking. Also included are such services for one’s own business purposes.,051,Transportation,022,Transportation and Communication,014,Transportation and Communication
152,การให้บริการเสริมการขนส่งทางบก,Land transport support service,สาขานี้ประกอบด้วยการให้บริการเสริมการขนส่งทางบก เช่น การดำเนินงานเกี่ยวกับการเก็บค่าที่จอดรถ การเก็บค่าธรรมเนียมผ่านถนน การให้เช่ารถยนต์และรถบรรทุก เป็นต้น,"This sector includes all land transport support services such as the operation of parking lots, toll roads rental of automobiles and self-driven trucks.",051,Transportation,022,Transportation and Communication,014,Transportation and Communication
153,การขนส่งทางทะเล,Ocean transport,สาขานี้ประกอบด้วยการให้บริการขนส่งสินค้าทางทะเล,This sector covers the ocean transport of both passengers and freight.,051,Transportation,022,Transportation and Communication,014,Transportation and Communication
154,การขนส่งชายฝั่งและการขนส่งทางน้ำภายในประเทศ,Coastal and inland water transport,"สาขานี้ประกอบด้วยการบริการขนส่งสินค้าและผู้โดยสารชายฝั่งและการขนส่งทางน้ำภายในประเทศ โดยทางแม่น้ำลำคลอง เช่น เรือข้ามฟาก เรือลากจูง เป็นต้น","This sector refers to the operation of freight and passenger vessels along various parts of the coast of Thailand. Those operated on inland waterways, river ferries and tugboats are included.",051,Transportation,022,Transportation and Communication,014,Transportation and Communication
155,บริการเสริมการขนส่งทางน้ำ,Water transport services,"สาขานี้ประกอบด้วยการให้บริการเสริมการขนส่งทางน้ำทุกประเภท เช่น การบำรุงรักษา และการปฏิบัติงานเกี่ยวกับสะพานเทียบเรือ อู่เรือ อาคารที่เกี่ยวข้องทั่วไป สิ่งอำนวยความสะดวกต่าง ๆ การบำรุงรักษาและการปฏิบัติงานเกี่ยวกับประภาคาร เครื่องหมายช่วยการเดินเรืออื่น ๆ การบรรทุกและขนถ่ายสินค้าของเรือ การกู้ตัวเรือและสินค้าในเรือ บริการให้เช่าเรือ บริการการท่าเรือแห่งประเทศไทย เป็นต้น","Included in this sector are the provision of supporting services for water transport of all kinds such as the maintenance and operation of harbors, docks, lighthouses and other navigation aids, loading and unloading services, the salvaging of vessels, ship leasing and rental. Included in this sector are the activities of the Port Authority of Thailand.",051,Transportation,022,Transportation and Communication,014,Transportation and Communication
156,การขนส่งทางอากาศ,Air transport,"สาขานี้ประกอบด้วยการขนส่งผู้โดยสารและสินค้าทางอากาศ ทั้งการให้บริการโดยทั่วไป และบริการเช่าเหมาเฉพาะบุคคล การดำเนินงานเกี่ยวกับท่าอากาศยาน สนามบินและเครื่องอำนวยความสะดวกในการเดินอากาศ เช่น สถานีวิทยุการบิน ศูนย์ควบคุมการบิน สถานีเรดาร์ และการให้เช่าอากาศยาน","The transportation of passengers and freight by air by regular services or by charter are covered in this sector. The operation of airports, landing fields and navigational facilities such as flight control centers, radar stations and the rental of aircraft are also included in the sector.",051,Transportation,022,Transportation and Communication,014,Transportation and Communication
157,บริการเกี่ยวเนื่องกับการขนส่ง,Other services,"สาขานี้ประกอบด้วยกิจการที่ตั้งขึ้นเพื่อดำเนินกิจการเกี่ยวเนื่องกับการขนส่ง โดยทำหน้าที่เป็นตัวแทนจัดการเดินทางท่องเที่ยวและการขนส่งสินค้าและผู้โดยสาร เช่น ตัวแทนการเดินทางการให้ บริการบรรจุหีบห่อและบรรจุลัง การตรวจสอบ และการชั่งน้ำหนักสินค้า เป็นต้น",This sector covers the activity of establishments engaged in providing travel information and arranging tours and transportation for passengers. The activities of establishments engaged in cargo transportation are also covered.,051,Transportation,022,Transportation and Communication,014,Transportation and Communication
158,สถานที่เก็บสินค้าและการเก็บสินค้า,Storage and warehousing,สาขานี้ประกอบด้วยการดำเนินงานเกี่ยวกับการเก็บสินค้า คลังสินค้า และบริการไซโล,This sector covers the operation of storage facilities and warehouse. Silo services for drying maize are also included.,051,Transportation,022,Transportation and Communication,014,Transportation and Communication
159,บริการไปรษณีย์โทรเลข โทรศัพท์ และการสื่อสาร,Post and telecommunication,สาขานี้ประกอบด้วยกิจการไปรษณีย์โทรเลข โทรศัพท์และการสื่อสารอื่น ๆ รวมทั้งจานดาวเทียม,This sector covers the services of central and provincial offices of the Telephone Organization of Thailand. Construction and radio-communication activities of the Post and Telegraph Department are not included.,052,Communication,022,Transportation and Communication,014,Transportation and Communication
160,สถาบันการเงิน,Banking services,"สาขานี้ประกอบด้วยสถานประกอบการที่ดำเนินธุรกิจเกี่ยวกับด้านการเงิน เช่น ธนาคารแห่งประเทศไทย ธนาคารพาณิชย์ ธนาคารออมสิน โรงรับจำนำ สหกรณ์ทางการเครดิต สถานแลกเปลี่ยนเงินตรา และสถาบันการเงินที่เกี่ยวข้องอื่น ๆ","This sector covers all activities of monetary and financial institutions. Included are the central bank, commercial banks, development banks, saving bank, rural banks, pawnshops, credit cooperatives and foreign exchange dealers.",053,Banking and Insurance,023,Banking and Insurance,015,Services
161,การประกันชีวิต,Life insurance services,"สาขานี้ประกอบด้วยสถานประกอบการซึ่งดำเนินกิจการหลักเกี่ยวกับการประกันชีวิต และการบริการที่เกี่ยวเนื่องกัน",Life insurance is defined as the activities of life insurance institutions and related services.,053,Banking and Insurance,023,Banking and Insurance,015,Services
162,การประกันวินาศ,Other insurance services,สาขานี้ประกอบด้วยสถานประกอบการที่ดำเนินกิจการเกี่ยวกับการประกันอัคคีภัย การประกันภัยรถยนต์ การประกันภัยทางทะเล เป็นต้น,"This sector covers all insurance other than life such as fire, accident, marine and health insurance.",053,Banking and Insurance,023,Banking and Insurance,015,Services
163,บริการด้านอสังหาริมทรัพย์,Real estate,"สาขานี้ประกอบด้วยสถานประกอบการที่ดำเนินกิจการเกี่ยวกับการจัดการด้านอสังหาริมทรัพย์โดยทำหน้าที่เป็นตัวแทนหรือนายหน้า เช่น การให้บริการ การเช่า การซื้อ การขาย การจัดการและการตีราคาอสังหาริมทรัพย์ โดยได้รับค่าธรรมเนียมเป็นค่าตอบแทนหรือโดยทำสัญญาจ้างเป็นต้น",This sector covers the activities of real estate agents and brokers,054,Real Estate,024,Real Estate,015,Services
164,การบริการทางด้านธุรกิจ,Business services,สาขานี้ประกอบด้วยสถานประกอบการซึ่งให้บริการทางด้านการบัญชี การตรวจสอบบัญชี กฎหมาย วิศวกรรม สถาปัตยกรรม เทคนิค การโฆษณา การเช่าเครื่องมือเครื่องจักร การบริการด้านอินเตอร์เน็ตรวมทั้งบริการธุรกิจซึ่งมิได้จัดประเภทไว้ในสาขาอื่น ๆ,"The sector includes service such as accounting, auditing and book-keeping services, data processing and tabulating services, engineering, architectural and technical services, parliament and the judicial authorities.",055,Business Services,025,Services,015,Services
165,การบริหารราชการ,Public administration,"สาขานี้รวมถึงรัฐบาลกลาง รัฐบาลส่วนภูมิภาคและรัฐบาลส่วนท้องถิ่น รวมถึงพระบรมวงศานุวงศ์ รัฐสภา คณะรัฐมนตรี กระทรวง ทบวง กรม กองทัพ ตำรวจ และฝ่ายตุลาการ มูลค่าการผลิตในสาขานี้ประกอบด้วยมูลค่าเพิ่มทางด้านค่าจ้างแรงงาน ทั้งที่เป็นเงินสดและเป็นค่าตอบแทนอย่างอื่น ค่าเสื่อมราคา และรายการอื่นที่เป็นค่าใช้จ่ายของรัฐบาล ยกเว้นค่าใช้จ่ายในส่วนการรักษาความสะอาดและการจัดระบบท่อระบายน้ำทิ้ง โรงเรียนของรัฐและโรงพยาบาลของรัฐซึ่งได้แยกไว้ในสาขา 166 167 168 และ 169 ตามลำดับ","The sector covers the central, provincial and local government, as well as the royal household, parliament and the judicial authorities.",056,Public Services,025,Services,015,Services
166,บริการสุขาภิบาลและบริการที่คล้ายคลึงกัน,Sanitary and similar services,"สาขานี้ประกอบด้วยการดำเนินงานหลักเกี่ยวกับบริการสุขาภิบาล และบริการที่คล้ายคลึงกันเช่นการเก็บการขนและการกำจัดขยะมูลฝอยกับสิ่งปฏิกูล การจัดทำระบบทางระบายน้ำ ทั้งนี้รวมสถานประกอบการ ซึ่งดำเนินกิจการหลักเกี่ยวกับการทำความสะอาด  อาคารสำนักงาน การกำจัดแมลงและสัตว์นำโรค  และบริการอื่นที่คล้ายคลึงกัน","This sector covers the activities related to sanitary and similar services such as garbage and sewage disposal, the operation of drainage systems and the purification of water for consumption. Also included are cleaning services",056,Public Services,025,Services,015,Services
167,บริการการศึกษา,Education,"สาขานี้ประกอบด้วยสถาบันการศึกษาทุกประเภทและทุกระดับการศึกษาทั้งสายสามัญและสายอาชีพ เช่น อนุบาล ประถมศึกษา มัธยมศึกษา วิทยาลัย มหาวิทยาลัย โรงเรียนเกษตรกรรม โรงเรียนฝึกหัดครู วิทยาลัยครู โรงเรียนอาชีวศึกษา โรงเรียนนาฏศิลป์และดนตรี โรงเรียนศึกษาสงเคราะห์พิเศษ เช่น โรงเรียนคนพิการ ตาบอด หูหนวก เป็นต้น","This sector covers all public and education institution at all levels such as kindergartens, primary schools, secondary schools, colleges and universities. Also included are vocational schools and others providing specialized education such as language and painting schools. Research institute, hospitals belonging to universities, as well as education provided neither by government nor household are not included.",056,Public Services,025,Services,015,Services
168,สถาบันวิจัย,Research,สาขานี้ประกอบด้วยสถาบันซึ่งดำเนินกิจการหลักเกี่ยวกับการวิจัยขั้นพื้นฐาน และการวิจัยทั่วไปในด้านชีววิทยา ฟิสิกส์ และสังคมศาสตร์ เป็นต้น,"This sector includes institutions primarily engaged in basic and general research in the biological, physical and social sciences. Since information on private research institutes in Thailand are not available, only research accomplished by government offices, universities and public enterprises are included.",056,Public Services,025,Services,015,Services
169,บริการทางการแพทย์และบริการทางอนามัยอื่น ๆ,Hospital,"สาขานี้ประกอบด้วยสถานประกอบการซึ่งดำเนินกิจการหลักเกี่ยวกับการให้บริการการป้องกัน การรักษาทางการแพทย์ ทันตกรรม และการอนามัยอื่น ๆ ซึ่งรวมถึงโรงพยาบาล สถานพักฟื้น สถานพยาบาล และสถาบันที่คล้ายคลึงกัน สถานสงเคราะห์มารดาและเด็ก สำนักงานให้คำปรึกษาทางแพทย์ ศัลยแพทย์ และผู้ประกอบวิชาชีพเวชกรรมอื่น ๆ เช่น ทันตแพทย์ ผดุงครรภ์ และพยาบาลที่ทำงานส่วนตัว บริการแพทย์เคลื่อนที่ ห้องปฏิบัติการทางวิทยาศาสตร์ด้านเวชกรรมและทันตกรรม ซึ่งบริการเกี่ยวกับการทดสอบ การวินิจฉัยโรคและบริการอื่น ๆ แก่แพทย์และทันตแพทย์ สถานประกอบการซึ่งดำเนินกิจการหลักเกี่ยวกับการทำฟันปลอม เป็นต้น","Covered in this sector are medical, surgical, dental and other health services. This includes hospitals, sanitariums, nursing homes and similar institution, maternity and child welfare clinics, consulting offices of physicians, surgeons and other medical practitioners such as dentists, the services of midwives and nurses in private practice ambulance service and medical and dental laboratories that provide testing, diagnostic and other service to the medical and dental professions. Activities primary relating to the manufacture of dental supplies and artificial teeth to order are also included.",056,Public Services,025,Services,015,Services
170,สถาบันธุรกิจ สมาคมอาชีพ และสมาคมกรรมกร,Business and labor associations,สาขานี้ประกอบด้วยสถาบันธุรกิจเอกชน เช่น สภาหอการค้าแห่งประเทศไทย หอการค้าไทย สมาคมอุตสาหกรรมไทย องค์การอาชีพต่าง ๆ เช่น วิศวกรรมสถานแห่งประเทศไทย สหภาพแรงงานและองค์กรแรงงานที่คล้ายคลึงกัน,"This sector includes private business institution such as the Board of Trade of Thailand, the Thai Chamber of Commerce, The Association of Thai industries and professional organizations such as the Engineering Institute of Thailand, labor unions and labor organization.",057,Other Services,025,Services,015,Services
171,บริการชุมชนอื่น ๆ,Other community service,"สาขานี้ประกอบด้วยสถาบันซึ่งดำเนินกิจการหลักเกี่ยวกับการให้บริการด้านสังคมสงเคราะห์ เช่น สภากาชาดและองค์กรอื่น ๆ ซึ่งทำหน้าที่รวบรวมและจัดสรรเงินเรี่ยไรหรือเงินอุดหนุนเพื่อการกุศล เช่นสมาคมสงเคราะห์เด็ก สถานเลี้ยงเด็กตอนกลางวัน โรงเลี้ยงเด็กกำพร้า สถานสงเคราะห์คนชรา สถานสงเคราะห์คนพิการ สมาคมสงเคราะห์ครอบครัว องค์กรศาสนา และองค์กรการกุศลอื่น ๆ เป็นต้น","This sector includes institution engaged in providing social welfare services such as the Red Cross Society and other organization for the collection and allocation of charitable contribution such as children and societies, dry nurseries, orphanages, home for destitute adults, homes for handicapped person, home for aged, family welfare society and other charitable organization. This section was classified broadly into three types of organizations, namely, Red Cross Society, other charitable organizations and religious organizations.",057,Other Services,025,Services,015,Services
172,การผลิตและการจัดจำหน่ายภาพยนตร์,Motion Picture Production,"สาขานี้ประกอบด้วยการสร้างภาพยนตร์ การสร้างฟิล์มภาพนิ่งและภาพสไลด์ รวมทั้งสถานประกอบการซึ่งดำเนินกิจการเกี่ยวข้องกัน เช่น การล้างและอัดฟิล์มภาพยนตร์ การตัดต่อและลำดับภาพ การให้ชื่อหัวเรื่องภาพยนตร์ การทำเทปม้วนใหม่และการจัดจำหน่ายภาพยนตร์ เป็นต้น","This sector covers the activities relating to the production of motion pictures for showing. They also include both still and slide films. Other related services such as film developing, printing, film editing, titling, copying and distributing of both local and foreign films are also included.",057,Other Services,025,Services,015,Services
173,โรงภาพยนตร์,Movie theatres,สาขานี้ประกอบด้วยการดำเนินกิจการโรงภาพยนตร์ทั้งหมด,All theatres and movie houses are covered in this sector.,057,Other Services,025,Services,015,Services
174,วิทยุ โทรทัศน์ และบริการที่เกี่ยวข้องอื่น ๆ,"Radio, television and related services","สาขานี้ประกอบด้วยสถานีวิทยุกระจายเสียง สถานีโทรทัศน์ และห้องส่งซึ่งดำเนินกิจการหลักเกี่ยวกับการจัดรายการวิทยุกระจายเสียงและโทรทัศน์ส่งออกอากาศ สถานีถ่ายทอดทางอากาศที่ถ่ายทอดรายการโทรทัศน์และวิทยุกระจายเสียงไปสู่ประชาชน รวมทั้งธุรกิจในรูปของบริการโทรทัศน์ลักษณะการบอกรับเป็นสมาชิก (เคเบิ้ลทีวี)",Included in this sector are radio and television stations primarily engaged in the production and dissemination of audiovisual programs for the public. The activities of television and radio relay stations are also included in this sector.,057,Other Services,025,Services,015,Services
175,ห้องสมุดและพิพิธภัณฑ์,Libraries and museums,สาขานี้ประกอบด้วยการดำเนินงานห้องสมุด หอจดหมายเหตุ โบราณคดี พิพิธภัณฑ์ และหอศิลป์ต่าง ๆ,"This sector covers the operation of libraries, information centers, archeological and others museums, art galleries, botanical and zoological gardens and similar institutions.",057,Other Services,025,Services,015,Services
176,บริการบันเทิงและบริการสันทนาการ,Amusement and recreation,สาขานี้ประกอบด้วยการดำเนินงานเกี่ยวกับการให้การบันเทิงและสันทนาการต่าง ๆ เช่น โบว์ลิ่ง บิลเลียด สนุกเกอร์ สนามม้า สนามมวย สนามฟุตบอล สนามเทนนิส สนามกอล์ฟ สโมสรกีฬาอื่นๆ สวนสาธารณะสำหรับพักผ่อนหย่อนใจ บริการการกีฬาและการบันเทิง ซึ่งมิได้จัดประเภทไว้ที่อื่น บริการให้เช่าเรือสำราญ จักรยานยนต์ รถเข็นไม้กอล์ฟ ม้า และสิ่งที่ใช้เพื่อการบันเทิง หรือสันทนาการที่คล้ายคลึงกัน,"This sector covers the activities of theatres providing theatrical presentation such as classical drama, dance and concerts, entertainment services such as those provided by bands and orchestras and musical recording. This sector also includes the services related to theatrical presentation such as those provided by booking agencies for plays. Self-employed artists and instructors such as actors, dancers, musicians, singer and other entertainers and producers for radio and television programs, motion picture, play and other presentations, composers and song writers, authors, painters and operators of dance halls, bowling alleys, billiard and pool rooms, race tracks, boxing stadiums, football fields, sports clubs, gymnasiums, tennis courts and golf courses, sport promoters, operators, of amusement parks and renters of pleasure boats, motorcycles, golf carts, saddle horses and similar recreation goods are also included in this sector.",057,Other Services,025,Services,015,Services
177,การซ่อมแซม,Repair not classified elsewhere,สาขานี้ประกอบด้วยสถานประกอบการซึ่งดำเนินกิจการเกี่ยวกับการซ่อมเครื่องมือ เครื่องใช้ในครัวเรือน อุปกรณ์เครื่องตกแต่ง และสินค้าผู้บริโภคอื่น ๆ ซึ่งมิได้จัดประเภทไว้ที่อื่น เช่น เตาอบ เตาหุงข้าว ตู้เย็น เครื่องปรับอากาศ เครื่องรับโทรทัศน์ รองเท้า เครื่องดนตรี เครื่องกีฬา นาฬิกา และเฟอร์นิเจอร์ เป็นต้น,"This sector included establishments specialized in the repair of household appliances, equipment and furnishing, motor cars and other consumers goods which are not classified elsewhere. Also included in this sector are establishments specialized in the installation of household appliances such as stoves and ranges, refrigerators, air-conditioning apparatus and television sets.",057,Other Services,025,Services,015,Services
178,การบริการส่วนบุคคล,Personal service,สาขานี้ประกอบด้วยสถานประกอบการซึ่งดำเนินการหลักเกี่ยวกับการให้บริการส่วนบุคคล เช่น การซักรีด บริการตัดผม เสริมสวย การถ่ายรูป อาบอบนวด ฌาปนกิจ บริการดูแลและรักษาสุสาน และคนรับใช้ เป็นต้น,"This sector included establishments primarily engaged in washing, ironing, dry cleaning, pressing and dyeing apparel, house furnishing or household fabrics. The repair of clothing, bedspreads, blanket, curtains and other personal and household textiles are also included in this sector. This sector also included the services of maids, cooks, gardeners, caretakers and other maintenance workers for household, whether provided by individuals who are employed by these households or by business units primarily engaged in furnishing these services. In addition, establishments engaged in rendering personal care and services not classified elsewhere such as barber hairdressing and beauty shop, photographic studios, Turkish baths establishments, massage parlors and crematories are also included.",057,Other Services,025,Services,015,Services
179,การบริการอื่น ๆ,Other service not classified elsewhere,สาขานี้ประกอบด้วยสถานประกอบการในด้านบริการที่มิได้รวมไว้ในสาขาอื่น,This sector included all service that are not covered by other sectors.,057,Other Services,025,Services,015,Services
180,กิจกรรมที่ไม่สามารถจำแนกสาขาการผลิตได้,Unclassified,สาขานี้ประกอบด้วยสถานประกอบการที่มิได้จัดไว้ในสาขาอื่นหรือกิจกรรมที่ไม่สามารถจำแนกไว้ในสาขาการผลิตใด ๆ,This sector includes mainly activities not classified elsewhere.,058,Unclassified,026,Unclassified,016,Unclassified
190,ผลรวมของมูลค่าปัจจัยการผลิตขั้นกลางทั้งหมด,Total Intermedite Transaction,เป็นผลรวมของสาขา 001 ถึง 180,This is the sum of sectors 001 to 180,190,Total Intermedite Transaction,190,Total Intermedite Transaction,190,Total Intermedite Transaction
201,เงินเดือน ค่าจ้าง ค่าตอบแทน,Wages and Salaries,ได้แก่ เงินเดือน ค่าจ้าง ค่าตอบแทนที่ผู้จ้างจ่ายให้แก่ผู้รับจ้างทั้งในรูปของตัวเงินและสิ่งของ ผู้รับจ้าง ได้แก่ ลูกจ้างระยะยาว ลูกจ้างชั่วคราว ผู้บริหาร เป็นต้น,"This sector covers compensation by employers to employees both in cash and in kind. Employees are classified as long-term workers, temporary workers, temporary workers, executives and hired laborers in the agricultural sector, but not family workers.",201,Wages and Salaries,201,Wages and Salaries,201,Wages and Salaries
202,ผลตอบแทนการผลิต,Operating Surplus,ผลตอบแทนการผลิต ได้แก่ ผลตอบแทนจากปัจจัยการผลิตทั้งหมด หรือมูลค่าเพิ่มทั้งหมดหักด้วยค่าตอบแทนแรงงาน ค่าเสื่อมราคา และภาษีทางอ้อมสุทธิ,"The operating surplus is defined as the total value added including business income tax, minus wages and salaries, depreciation and indirect taxes, less subsidies.",202,Operating Surplus,202,Operating Surplus,202,Operating Surplus
203,ค่าเสื่อมราคา,Depreciation,ค่าเสื่อมราคา คือ เงินสำรองค่าสึกหรอของสินทรัพย์ประเภททุนต่าง ๆ เช่น ค่าเสื่อมของอาคารที่ทำการของสถานประกอบการ และเครื่องมือ เครื่องจักรต่าง ๆ,Depreciation consists of capital consumption allowances for all fixed assets. The imputation of depreciation of government buildings is describe in the public administration sector and that of self-occupied dwellings is in real estate sector. The depreciation on fixed assets for leasing such as computers is shown in the sector of owner of fixed assets for leasing such as computers is show in the sector of owner of fixed assets.,203,Depreciation,203,Depreciation,203,Depreciation
204,ภาษีทางอ้อมสุทธิ,Indirect Taxes less Subsidies,"ภาษีทางอ้อม ได้แก่ ภาษีการค้า ภาษีส่งออก ภาษีใบอนุญาต ภาษีค่าบริการในโรงแรมและภัตตาคาร แสตมป์ และภาษีการขายพิเศษอื่น ๆ เช่น รถยนต์ เครื่องทางไฟฟ้า เครื่องดื่ม ชนิดมีแอลกอฮอล์ บุหรี่ ผลิตภัณฑ์ปิโตรเลียม ภาษีทางอ้อมแตกต่างจากการคำนวณของกองบัญชีประชาชาติตรงที่ภาษีขาเข้า และภาษีการค้าจากสินค้านำเข้าไม่ได้รวมอยู่ด้วย ภาษีทางอ้อมสุทธิเท่ากับภาษีทางอ้อมทั้งหมดหักด้วยเงินอุดหนุน","Indirect taxes cover the domestic commodity sales tax, export duty, licensing frees, service tax of hotels, restaurant and the like, duty stamps and special commodity tax such as those on automobiles, electrical equipment, alcoholic drinks, cigarettes, petroleum products, etc.",204,Indirect Taxes less Subsidies,204,Indirect Taxes less Subsidies,204,Indirect Taxes less Subsidies
209,มูลค่าเพิ่มรวม,Total Value Added,เป็นผลรวมของรายการ 201 ถึง 204,This is sum of all the primary inputs from 201 to 204.,209,Total Value Added,209,Total Value Added,209,Total Value Added
210,ผลผลิตรวมในประเทศ,Control Total,เป็นผลรวมของมูลค่าปัจจัยการผลิตขั้นกลางและมูลค่าเพิ่มทั้งหมด (190 + 209)  โดยที่ 210 = 600,"This is sum of total intermediate transactions and value added, where 210 is equal to 600.",210,Control Total,210,Control Total,210,Control Total
301,รายจ่ายเพื่อการอุปโภคบริโภคของเอกชน,Private Consumption Expenditure,"หมายถึง รายจ่ายเพื่อการอุปโภคบริโภคของเอกชน เป็นรายจ่ายรวมที่ครัวเรือนและสถาบันที่ไม่แสวงหากำไรได้ใช้จ่ายไปในการซื้อสินค้าและบริการ โดยไม่คำนึงถึงอายุของการใช้งาน ทั้งนี้ มิได้รวมถึงรายจ่ายลงทุนในรูปต่าง ๆ เช่น สิ่งก่อสร้าง เครื่องจักรเครื่องมือต่าง ๆ ซึ่งก่อให้เกิดผลผลิตถือว่าเป็นการสะสมทุน รายจ่ายเพื่ออุปโภคบริโภคของเอกชนครอบคลุมถึงการใช้จ่ายของชาวไทยในต่างประเทศในรูปของนักท่องเที่ยว และครอบครัวชาวต่างประเทศที่ทำงานให้เอกชนหรือองค์กรที่ไม่แสวงหากำไรในไทย การซื้อสินค้าและบริการ ซึ่งอาจจะเป็นสินค้าคงทนมีอายุการใช้งาน เช่น รถยนต์ รถจักรยานยนต์ของใช้ที่บริโภคสิ้นเปลือง ค่าบริการ เช่น ค่ารักษาพยาบาล สินค้าและบริการที่ผลิตเองและบริโภคเอง ก็ประเมินค่า (impute) ขึ้นด้วย เช่น อาหารที่ทำแล้วบริโภคเอง ค่าเช่าบ้านที่เจ้าของเป็นผู้อยู่อาศัยเอง การซ่อมแซมรักษาบ้านเรือนด้วยตนเอง",Private consumption expenditures are the current expenditures on goods and service by households and private non-profit organizations. The expenditure also cover the expenditures of Thai nationals abroad as tourists and the expenditures of the family of a foreigner who is working for a private company or a non-profit organization in Thailand.,301,Private Consumption Expenditure,301,Private Consumption Expenditure,301,Private Consumption Expenditure
302,รายจ่ายเพื่อการอุปโภคของรัฐบาล,Government Consumption Expenditure,ได้แก่ รายจ่ายรวมของรัฐบาลในการซื้อสินค้าและบริการ ทั้งนี้ รวมถึงรายจ่ายของทหารทั้งหมด และการใช้จ่ายของราชวงศ์ แต่ไม่รวมรายจ่ายของสถานประกอบการของรัฐที่ประกอบการเพื่อหวังผลกำไร,"Government consumption expenditures cover all current expenditures of government for goods and services, including those for the police and military forces. Expenditures of Royal household are also included. However, consumption expenditures of public enterprises which are profit-making are not included.",302,Government Consumption Expenditure,302,Government Consumption Expenditure,302,Government Consumption Expenditure
303,การสะสมทุน,Gross Fixed Capital Formation,การสะสมทุน ได้แก่ สิ่งก่อสร้าง เครื่องจักรและเครื่องมือ ทั้งของภาครัฐบาลและเอกชน แต่ไม่รวมสิ่งก่อสร้างทางทหาร,"Gross domestic fixed capital formation includes fixed assets such as land, buildings, machinery and equipment belonging to households, government and private enterprise except those for military use. Public infrastructure such as roads, dams and power stations are also included. However, installation costs of equipment and machinery are not covered.",303,Gross Fixed Capital Formation,303,Gross Fixed Capital Formation,303,Gross Fixed Capital Formation
304,ส่วนเปลี่ยนสินค้าคงเหลือ,Increase in Stock,ส่วนเปลี่ยนสินค้าคงเหลือประกอบด้วยสินค้า ดังนี้ สินค้าสำเร็จรูปเก็บไว้ในโรงเก็บสินค้าของผู้ผลิต วัตถุดิบที่ยังไม่ได้ใช้จัดซื้อโดยผู้ผลิต สินค้ากึ่งสำเร็จรูปและสินค้าที่อยู่ระหว่างขบวนการผลิต สินค้าที่อยู่ในมือของผู้ขายส่งและผู้ขายปลีก,"Stocks or inventories comprise the followings : finished products stored in producers’ factories or warehouses, unused raw materials purchased by producers, semi-processed products and products on processing lines and marketable stocks held by wholesalers and retailers. Stocks kept by households are not included.",304,Increase in Stock,304,Increase in Stock,304,Increase in Stock
305,การส่งออกสินค้า,Exports (F.O.B.),ตารางปัจจัยการผลิตและผลผลิตในราคาผู้ซื้อ (Purchaser’s Price) สินค้าส่งออกคิดมูลค่า ตามราคา FOB สำหรับราคาผู้ผลิต (Product’s Price) สินค้าส่งออกคิดมูลค่า โดยหักส่วนเหลื่อมทางการค้าและค่าขนส่งออกจากราคา FOB,"In the input-output table at purchasers’ prices, exports were valued at f.o.b. prices. As for producers’ prices, exports were valued by subtracting trade margins and transport costs from f.o.b. process.",305,Exports (F.O.B.),305,Exports (F.O.B.),305,Exports (F.O.B.)
306,การส่งออกพิเศษ,Special Exports,ได้แก่ Non-Merchandised Goods และบริการที่มิได้รายงานไว้ในหนังสือรายงานสินค้าเข้าและออกของประเทศไทยซึ่งจัดทำโดยกรมศุลกากร รายการที่รวมอยู่ในนี้คือ ค่าขนส่งและค่าประกันภัยที่เกี่ยวข้องกับการส่งออก ค่าใช้จ่ายของนักท่องเที่ยวต่างประเทศในไทย ค่าพาหนะขนส่ง ค่าใช้จ่ายขององค์การรัฐบาลต่างประเทศ องค์การระหว่างประเทศ และครอบครัวทูต ค่าใช้จ่ายของฐานทัพต่างประเทศ และบริการอื่นที่จ่ายโดยชาวต่างประเทศ และการส่งออกสินค้าที่ไม่ผ่านการตรวจค้น (Smuggling),"Special exports cover non-merchandised goods and services which are not included in the official export statistics. Item which are included here are freight and insurance related to export, expenditures of foreign tourists in Thailand and related transportation cost, expenditures of foreign government organization, international organizations and families of diplomats, expenditures of foreign military bases, other service charges which are paid by foreigners and estimated smuggling.",306,Special Exports,306,Special Exports,306,Special Exports
309,อุปสงค์ขั้นสุดท้ายรวม,Total Final Demand,เป็นผลรวมของสาขา 301 ถึง 306,This is the sum of codes 301 to 306.,309,Total Final Demand,309,Total Final Demand,309,Total Final Demand
310,อุปสงค์รวม,Total Demand,เป็นผลรวมของสาขา 190 และ 309,This is the sum of codes 190 and 309,310,Total Demand,310,Total Demand,310,Total Demand
401,สินค้านำเข้า,Imports (C.I.F.),ตารางปัจจัยการผลิตและผลผลิตราคาผู้ซื้อ (Purchaser’s Price) สินค้านำเข้าคิดมูลค่าตามราคา CIF เช่นเดียวกับตารางราคาผู้ผลิต (Product’s Price),"Imports were valued at c.i.f. process plus tariff. However, for valuation at domestic producers’ prices, the transport costs and insurance paid by the Thai importers were subtracted in order to avoid double counting. A special treatment was used here. The redundant transport costs and insurance were regarded as special exports and are treated in the special export sector.",401,Imports (C.I.F.),401,Imports (C.I.F.),401,Imports (C.I.F.)
402,ภาษีศุลกากร,Import Tax,ได้แก่ ภาษีศุลกากรของสินค้านำเข้าทุกประเภท,Customs duty on imports is included under this code.,402,Import Tax,402,Import Tax,402,Import Tax
403,ภาษีการค้านำเข้า,Import Duty,ได้แก่ ภาษีการค้านำเข้ารวมภาษีการขายและภาษีเทศบาล,The import taxes include both import sales tax and municipal tax on imports.,403,Import Duty,403,Import Duty,403,Import Duty
404,การนำเข้าพิเศษ,Special Imports,ได้แก่ Non-Merchandised Goods และบริการที่ซึ่งมิได้รายงานไว้ในหนังสือรายงานสินค้าเข้าและออกของประเทศไทย ที่จัดทำโดยกรมศุลกากร เช่น การใช้จ่ายของคนไทยในต่างประเทศ ค่าใช้จ่ายขององค์การรัฐบาลไทยและครอบครัวทูตนอกประเทศไทย การนำเข้าโดยไม่ผ่านด่านศุลกากรของไทย (Smuggling),"As in the case special exports, special imports are non-merchandised goods and services which are not covered in the official trade statistics, e.g. expenditures of Thai nationals abroad, expenditure of Thai government organizations and of the families of Thai diplomats outside Thailand and estimated smuggling into Thailand.",404,Special Imports,404,Special Imports,404,Special Imports
409,การนำเข้ารวม,Total Imports,เป็นผลรวมของสาขา 401 ถึง 404,This is the sum of codes 401 to 404,409,Total Imports,409,Total Imports,409,Total Imports
501,ส่วนเหลื่อมการค้าส่ง,Wholesale Trade Margin,เป็นส่วนเหลื่อมการค้าในขั้นตอนการค้าส่งสินค้าจากโรงงานไปยังพ่อค้าปลีก หรือสถานประกอบการอื่น ๆ,Wholesale trade margin is margin of goods from factory toward retail trade.,501,Wholesale Trade Margin,501,Wholesale Trade Margin,501,Wholesale Trade Margin
502,ส่วนเหลื่อมการค้าปลีก,Retail Trade Margin,เป็นส่วนเหลื่อมทางการค้าในขั้นตอนการค้าปลีกสินค้าไปยังผู้บริโภค ซึ่งหมายถึงครัวเรือนและบุคคลทั่วไป,Retail trade margin is margin of goods from retail toward household consumption.,502,Retail Trade Margin,502,Retail Trade Margin,502,Retail Trade Margin
503,ค่าขนส่งสินค้า,Transportation Cost,เป็นค่าขนส่งรวมของค่าขนส่งสินค้าจากโรงงานจนถึงผู้บริโภค,The transport costs are value of transport goods process from factory toward consumer.,503,Transportation Cost,503,Transportation Cost,503,Transportation Cost
509,ผลรวมของส่วนเหลื่อมการค้าและค่าขนส่งสินค้า,Total Margin and Transportation Cost,เป็นผลรวมของรายการ 501 ถึง 503,This is the sum of codes 501 to 503,509,Total Margin and Transportation Cost,509,Total Margin and Transportation Cost,509,Total Margin and Transportation Cost
600,ผลผลิตรวมในประเทศ,Control Total,"เป็นผลรวมของมูลค่าปัจจัยการผลิตขั้นกลางและอุปสงค์ขั้นสุดท้ายทั้งหมด หักด้วยมูลค่าการนำเข้า ส่วนเหลื่อมทางการค้าและค่าขนส่งสินค้า ซึ่งได้แก่รายการ 190 + 309 - 409 – 509  โดยที่ 600 = 210","This is sum of total intermediate transactions and final demands which indicates the output distribution of the table and is equal to codes 190 + 309 - 409 -509, where 600 is equal to 210.",600,Control Total,600,Control Total,600,Control Total
700,อุปทานรวม,Total Supply,"เป็นผลรวมของผลผลิตรวมในประเทศ บวกด้วยมูลค่าการนำเข้า ส่วนเหลื่อมทางการค้าและค่าขนส่งสินค้า ซึ่งได้แก่รายการ 600 + 409 + 509",The total supply is equal to codes 600 + 409 + 509.,700,Total Supply,700,Total Supply,700,Total Supply
